id;libelle;xp_1;xp_2;last_update
274;Pièce du Puzzle de la Griffe;1.454;1.0;2026-02-10 13:47
276;Pièce du Trésor du Badoul;1.454;1.0;2026-02-10 13:47
286;Levure de Boulanger;0.143;;2026-02-10 13:47
287;Graine de Sésame;0.266;;2026-02-10 13:47
288;Graine de Tournesol;0.072;;2026-02-10 13:47
289;Blé;0.03;;2026-02-10 13:47
290;Champignon;0.565;;2026-02-10 13:47
291;Poils de Mulounoké;1.349;0.5;2026-02-10 13:47
292;Testicules de Cocholou;8.043;8.0;2026-02-10 13:47
300;Graine de Pavot;0.075;;2026-02-10 13:47
301;Plume de Tofu;0.176;;2026-02-10 13:47
302;Tambour de Gobaladée;0.206;;2026-02-10 13:47
303;Bois de Frêne;0.03;;2026-02-10 13:47
304;Cuir de Scélérat Strubien;0.111;0.125;2026-02-10 13:47
305;Dent de Wabbit;1.56;;2026-02-10 13:47
306;Fleur de Pissenlit Diabolique;0.073;;2026-02-10 13:47
307;Ailes de Moskito;0.075;;2026-02-10 13:47
308;Coquille de Dragoeuf Calcaire;0.678;;2026-02-10 13:47
309;Pétale de Rose Démoniaque;0.067;;2026-02-10 13:47
310;Os de Chafer;0.055;;2026-02-10 13:47
311;Eau Potable;0.047;;2026-02-10 13:47
312;Fer;0.03;;2026-02-10 13:47
313;Or;0.22;;2026-02-10 13:47
315;Diamant;3.176;;2026-02-10 13:47
316;Émeraude;5.703;;2026-02-10 13:47
350;Argent;0.17;;2026-02-10 13:47
360;Oreilles du Tiwabbit;1.563;;2026-02-10 13:47
361;Cawotte;1.106;;2026-02-10 13:47
362;Peau de Larve Bleue;0.075;;2026-02-10 13:47
363;Peau de Larve Orange;0.075;;2026-02-10 13:47
364;Peau de Larve Verte;0.075;;2026-02-10 13:47
365;Patte d'Arakne;0.074;;2026-02-10 13:47
366;Bec du Tofu;0.059;0.066666667;2026-02-10 13:47
368;Gelée à la Fraise;0.305;;2026-02-10 13:47
369;Gelée à la Menthe;0.284;;2026-02-10 13:47
370;Gelée Bleuet Royale;2.228;;2026-02-10 13:47
371;Sourcil de Moskito;0.364;;2026-02-10 13:47
372;Bandeau du Black Tiwabbit;0.272;;2026-02-10 13:47
373;Intestin d'Araknosé;0.059;0.066666667;2026-02-10 13:47
374;Langue d'Épouvanteur;0.072;;2026-02-10 13:47
375;Dent de Tofu Mutant;0.176;;2026-02-10 13:47
376;Aile du Tofu Maléfique;0.105;;2026-02-10 13:47
377;Épine du Champ Champ;0.075;;2026-02-10 13:47
378;Sporme du Champ Champ;0.448;;2026-02-10 13:47
379;Pince de Crabe;0.272;;2026-02-10 13:47
380;Menthe Sauvage;0.1;;2026-02-10 13:47
381;Fraise;0.429;;2026-02-10 13:47
382;Longue-vue de Gob-Trotteur;0.206;;2026-02-10 13:47
383;Corne de Boufton;0.1;;2026-02-10 13:47
384;Laine de Bouftou;0.075;;2026-02-10 13:47
385;Bave de Bouftou;0.041;;2026-02-10 13:47
387;Défense du Sanglier;0.102;;2026-02-10 13:47
388;Poils d'Arakne Malade;0.059;;2026-02-10 13:47
389;Huile de Tournesol Sauvage;1.075;;2026-02-10 13:47
390;Huile de Noix;3.449;;2026-02-10 13:47
391;Noix de Cajou;0.161;0.015384615;2026-02-10 13:47
392;Noix de Pécan;0.299;0.047619048;2026-02-10 13:47
393;Gland;0.111;;2026-02-10 13:47
394;Noisette;0.111;;2026-02-10 13:47
395;Trèfle à 5 feuilles;0.07;;2026-02-10 13:47
396;Huile de Palme;15.567;;2026-02-10 13:47
397;Huile de Koode;5.002;;2026-02-10 13:47
399;Huile de Sésame;1.199;;2026-02-10 13:47
400;Orge;0.05;;2026-02-10 13:47
401;Houblon;0.1;;2026-02-10 13:47
405;Malt;0.17;;2026-02-10 13:47
406;Estomac de Wo Wabbit;0.404;;2026-02-10 13:47
407;Pic de Prespic;0.111;;2026-02-10 13:47
408;Dentier du Chafer d'Élite;1.627;;2026-02-10 13:47
409;Poils de Barbe du Bwork Mage;0.248;0.019607843;2026-02-10 13:47
410;Livre du Bwork Mage;1.48;0.333333333;2026-02-10 13:47
411;Bec du Kwak de Glace;0.254;;2026-02-10 13:47
412;Bec du Kwak de Flamme;0.254;;2026-02-10 13:47
413;Bec du Kwak de Vent;0.254;;2026-02-10 13:47
414;Plume du Kwak de Glace;0.254;;2026-02-10 13:47
415;Plume du Kwak de Flamme;0.254;;2026-02-10 13:47
416;Plume du Kwak de Vent;0.254;;2026-02-10 13:47
417;Boue du Boo;0.116;;2026-02-10 13:47
418;Poils de Barbe du Grand Pa Wabbit;0.395;;2026-02-10 13:47
419;Oreille du Grand Pa Wabbit;2.392;;2026-02-10 13:47
420;Ficelle en Lin;0.18;0.005181347;2026-02-10 13:47
421;Ortie;0.03;;2026-02-10 13:47
423;Lin;0.12;;2026-02-10 13:47
424;Fibre criminelle;3.354;;2026-02-10 13:47
425;Chanvre;0.2;;2026-02-10 13:47
426;Fibre de Chanvre;56.207;2.0;2026-02-10 13:47
428;Sauge;0.05;;2026-02-10 13:47
429;Miséricorde du Chafer d'Élite;0.272;;2026-02-10 13:47
430;Os Invisible du Chafer Invisible;0.144;;2026-02-10 13:47
431;Pierre du Craqueleur;0.41;0.142857143;2026-02-10 13:47
432;Côtes du Rib;0.183;;2026-02-10 13:47
433;Fémur du Chafer Archer;1.627;;2026-02-10 13:47
435;Racine d'Abraknyde;0.291;0.032258065;2026-02-10 13:47
438;Queue du Mulou;1.121;0.25;2026-02-10 13:47
439;Canine de Mergranlou;1.349;0.5;2026-02-10 13:47
440;Griffe de Muloubard;1.349;0.5;2026-02-10 13:47
441;Cuivre;0.05;;2026-02-10 13:47
442;Bronze;0.07;;2026-02-10 13:47
443;Kobalte;0.1;;2026-02-10 13:47
444;Étain;0.15;;2026-02-10 13:47
445;Manganèse;0.12;;2026-02-10 13:47
446;Bauxite;0.2;;2026-02-10 13:47
447;Charbon;0.656;0.1;2026-02-10 13:47
448;Silex;0.499;0.142857143;2026-02-10 13:47
449;Bois d'Ébène;0.2;;2026-02-10 13:47
450;Pierre de Granit;0.809;0.81;2026-02-10 13:47
460;Bois de Chêne;0.1;;2026-02-10 13:47
461;Bois d'If;0.15;;2026-02-10 13:47
463;Ambre;0.388;0.033333333;2026-02-10 13:47
464;Ambre d'Abraknyde;2.081;0.25;2026-02-10 13:47
465;Cristal;8.087;;2026-02-10 13:47
466;Saphir;7.086;;2026-02-10 13:47
467;Rubis;5.481;;2026-02-10 13:47
470;Bois d'Orme;0.25;;2026-02-10 13:47
471;Bois d'Érable;0.12;;2026-02-10 13:47
472;Bois de Charme;0.22;;2026-02-10 13:47
473;Bois de Châtaignier;0.05;;2026-02-10 13:47
474;Bois de Merisier;0.17;;2026-02-10 13:47
476;Bois de Noyer;0.07;;2026-02-10 13:47
479;Ivoire;5.091;0.045454545;2026-02-10 13:47
480;Minerai Étrange;2.418;;2026-02-10 13:47
485;Slip en cuir du Chafer Lancier;0.272;;2026-02-10 13:47
486;Cuir de Gargrouille;0.162;;2026-02-10 13:47
519;Poudre de Perlinpainpain;0.049;;2026-02-10 13:47
532;Seigle;0.15;;2026-02-10 13:47
533;Avoine;0.07;;2026-02-10 13:47
543;Pierre de Diamant;0.55;;2026-02-10 13:47
544;Pierre d'Émeraude;0.834;;2026-02-10 13:47
545;Pierre de Cristal;1.641;;2026-02-10 13:47
546;Pierre de Saphir;2.128;;2026-02-10 13:47
547;Pierre de Rubis;1.593;;2026-02-10 13:47
593;Orchidée Freyesque;0.12;;2026-02-10 13:47
594;Edelweiss;0.15;;2026-02-10 13:47
598;Greuvette;0.04;;2026-02-10 13:47
600;Kralamoure;0.14;;2026-02-10 13:47
602;Requin Marteau-Faucille;0.21;;2026-02-10 13:47
603;Poisson-Chaton;0.07;;2026-02-10 13:47
641;Coton Ancestral;0.428;;2026-02-10 13:47
642;Cocon de Ver à Soie;1.064;;2026-02-10 13:47
643;Fil de Soie;0.446;;2026-02-10 13:47
646;Poils de Black Tiwabbit;1.627;;2026-02-10 13:47
648;Aile de Bourdard;0.395;;2026-02-10 13:47
649;Poils de Wo Wabbit;2.38;;2026-02-10 13:47
650;Duvet de Bourdard;2.367;;2026-02-10 13:47
651;Étoffe du Mulou;7.497;2.0;2026-02-10 13:47
652;Étoffe du Sanglier;0.609;;2026-02-10 13:47
653;Étoffe d'Écurouille;0.665;;2026-02-10 13:47
654;Étoffe du Wabbit;1.761;;2026-02-10 13:47
746;Ebonite;2.25;;2026-02-10 13:47
747;Aluminite;1.2;;2026-02-10 13:47
748;Magnésite;3.75;;2026-02-10 13:47
749;Bakélélite;5.1;;2026-02-10 13:47
750;Kouartz;6.6;;2026-02-10 13:47
752;Sang de Vampire;0.123;;2026-02-10 13:47
756;Slip en Cuir Moulant du Garglyphe;1.064;;2026-02-10 13:47
757;Gelée Bleuet;0.267;;2026-02-10 13:47
792;Muqueuse de Moumoule;1.627;;2026-02-10 13:47
838;Manuel du Directeur Grunob;1.094;;2026-02-10 13:47
840;Poils du Minotoror;8.187;4.0;2026-02-10 13:47
842;Coquille de Dragoeuf Argile;0.628;;2026-02-10 13:47
843;Coquille de Dragoeuf Charbon;0.628;;2026-02-10 13:47
880;Laine de Bouftou Royal;3.977;;2026-02-10 13:47
881;Laine de Ramane Strubien;0.097;0.111111111;2026-02-10 13:47
882;Laine du Chef de Guerre Bouftou;0.124;;2026-02-10 13:47
883;Cuir de Boostache Prépubère;0.162;;2026-02-10 13:47
884;Cuir de Bouftou Noir;0.104;;2026-02-10 13:47
885;Laine de Boufton Noir;0.109;;2026-02-10 13:47
886;Cuir de Bouftou Royal;0.619;;2026-02-10 13:47
887;Cuir de Ouassingue;0.176;0.1;2026-02-10 13:47
901;Cuir du Cochon de Lait;0.166;;2026-02-10 13:47
929;Kristalite;52.171;16.0;2026-02-10 13:47
961;Morceau de clef du Matin Pewlant;4.1;;2026-02-10 13:47
962;Morceau de clef du Midi Wayonnant;4.1;;2026-02-10 13:47
963;Morceau de clef du Soiw Woulant;4.1;;2026-02-10 13:47
965;Pierre de Dopeul;4.113;;2026-02-10 13:47
997;Noix de Kokoko;1.866;1.0;2026-02-10 13:47
998;Caleçon Mignon du Pirate;1.103;0.5;2026-02-10 13:47
1002;Tronc de Kokoko;0.313;0.166666667;2026-02-10 13:47
1018;Kole;6.546;4.0;2026-02-10 13:47
1129;Coquille de Dragoeuf Ardoise;0.628;;2026-02-10 13:47
1141;Plume du Kwak de Terre;0.254;;2026-02-10 13:47
1142;Bec du Kwak de Terre;0.254;;2026-02-10 13:47
1333;Potion d'Étincelle;161.836;;2026-02-10 13:47
1335;Potion de Crachin;161.836;;2026-02-10 13:47
1337;Potion de Courant d'Air;161.836;;2026-02-10 13:47
1338;Potion de Secousse;161.836;;2026-02-10 13:47
1340;Potion d'Éboulement;7.74825;;2025-01-01 00:00
1341;Potion d'Averse;7.74825;;2025-01-01 00:00
1342;Potion de Rafale;7.74825;;2025-01-01 00:00
1343;Potion de Flambée;7.74825;;2025-01-01 00:00
1345;Potion d'Incendie;502.11;;2026-02-10 13:47
1346;Potion de Tsunami;502.11;;2026-02-10 13:47
1347;Potion d'Ouragan;502.11;;2026-02-10 13:47
1348;Potion de Séisme;507.775;;2026-02-10 13:47
1455;Ailes de Scarafeuille Bleu;0.214;;2026-02-10 13:47
1456;Ailes de Scarafeuille Blanc;0.214;;2026-02-10 13:47
1457;Ailes de Scarafeuille Rouge;0.214;;2026-02-10 13:47
1458;Ailes de Scarafeuille Vert;0.214;;2026-02-10 13:47
1461;Poison cinglant;8.362;;2026-02-10 13:47
1462;Liquide vampiresque;0.584;;2026-02-10 13:47
1463;Fiole à élément;2.32;;2026-02-10 13:47
1519;Rune Fo;0.05;0.090909091;2026-02-10 13:47
1521;Rune Sa;0.45;0.5;2026-02-10 13:47
1522;Rune Ine;0.05;0.090909091;2026-02-10 13:47
1523;Rune Vi;0.05;0.090909091;2026-02-10 13:47
1524;Rune Age;0.05;0.090909091;2026-02-10 13:47
1525;Rune Cha;0.05;0.090909091;2026-02-10 13:47
1526;Métaria rouge;1.903;;2026-02-10 13:47
1527;Métaria bleue;1.903;;2026-02-10 13:47
1528;Métaria jaune;1.903;;2026-02-10 13:47
1529;Métaria verte;1.903;;2026-02-10 13:47
1531;Métaria Triame bleue;8.104;;2026-02-10 13:47
1532;Métaria Triame verte;8.104;;2026-02-10 13:47
1533;Métaria Triame rouge;8.104;;2026-02-10 13:47
1534;Métaria Triame jaune;8.104;;2026-02-10 13:47
1535;Métaria Mage rouge;9.958;;2026-02-10 13:47
1536;Métaria Mage bleue;9.958;;2026-02-10 13:47
1537;Métaria Mage verte;9.958;;2026-02-10 13:47
1538;Métaria Mage jaune;11.091;;2026-02-10 13:47
1545;Rune Pa Fo;0.225;0.25;2026-02-10 13:47
1546;Rune Pa Sa;2.025;1.0;2026-02-10 13:47
1547;Rune Pa Ine;0.225;0.25;2026-02-10 13:47
1548;Rune Pa Vi;0.225;0.25;2026-02-10 13:47
1549;Rune Pa Age;0.225;0.25;2026-02-10 13:47
1550;Rune Pa Cha;0.225;0.25;2026-02-10 13:47
1551;Rune Ra Fo;0.675;1.0;2026-02-10 13:47
1552;Rune Ra Sa;6.075;4.0;2026-02-10 13:47
1553;Rune Ra Ine;0.675;1.0;2026-02-10 13:47
1554;Rune Ra Vi;0.675;1.0;2026-02-10 13:47
1555;Rune Ra Age;0.675;1.0;2026-02-10 13:47
1556;Rune Ra Cha;0.675;1.0;2026-02-10 13:47
1557;Rune Ga Pa;500.0;500.0;2026-02-10 13:47
1558;Rune Ga Pme;405.0;405.0;2026-02-10 13:47
1568;Clef de la Cour du Bouftou Royal;2.254;;2026-02-10 13:47
1569;Clef du Donjon des Forgerons;4.635;;2026-02-10 13:47
1570;Clef du Donjon des Squelettes;3.89;;2026-02-10 13:47
1610;Roue de Tivelo;1.012;0.5;2026-02-10 13:47
1611;Bourgeon de Pirolienne;1.012;0.5;2026-02-10 13:47
1612;Racine d'Abraknyde Sombre;0.844;0.5;2026-02-10 13:47
1613;Écaille de Chef Crocodaille;0.626;;2026-02-10 13:47
1614;Bombe de Graboule;1.012;0.5;2026-02-10 13:47
1652;Patte d'Arakne Majeure;0.304;;2026-02-10 13:47
1660;Ambre d'Abraknyde Sombre;0.619;;2026-02-10 13:47
1663;Écaille de Crocodaille;1.635;;2026-02-10 13:47
1664;Dent de Crocodaille;0.272;;2026-02-10 13:47
1671;Avoine Magique;6.13;6.0;2026-02-10 13:47
1672;Poils de Darit;0.665;;2026-02-10 13:47
1673;Patte d'Arakne Magique;0.443;;2026-02-10 13:47
1674;Champignon Luidegît;1.037;;2026-02-10 13:47
1675;Os Surprise du Chafer Fantassin;0.253;;2026-02-10 13:47
1676;Osier Enchanté;6.13;;2026-02-10 13:47
1678;Noix de Grokoko Traumatisée;0.313;0.166666667;2026-02-10 13:47
1679;Pierre de Crystaloboule;2.662;0.25;2026-02-10 13:47
1680;Corne Brûlée du Minotoror;71.635;47.0;2026-02-10 13:47
1681;Peau Égrotante;0.354;0.5;2026-02-10 13:47
1682;Écorce de Liroye Merline;5.112;5.0;2026-02-10 13:47
1683;Sac à Patates Clair;1.401;0.5;2026-02-10 13:47
1684;Sac à Patates Sombre;1.401;0.5;2026-02-10 13:47
1686;Teinture Magique de Rougeur;6.898;;2026-02-10 13:47
1687;Teinture Magique Verdâtre;5.247;;2026-02-10 13:47
1688;Teinture Magique Bleutée;2.648;;2026-02-10 13:47
1689;Teinture Magique Orange;2.948;;2026-02-10 13:47
1690;Poils du Milimulou;0.111;;2026-02-10 13:47
1691;Faux Visage de Choudini;5.513;2.0;2026-02-10 13:47
1692;Teinture Magique Sombre;2.235;;2026-02-10 13:47
1694;Laine du Trooll Furieux;13.096;;2026-02-10 13:47
1696;Étoffe de Choudini;33.385;22.0;2026-02-10 13:47
1736;Citron;0.056;;2026-02-10 13:47
1750;Poisson Pané;0.09;;2026-02-10 13:47
1754;Poisson Igloo;9.0;;2026-02-10 13:47
1757;Crabe Sourimi;0.06;;2026-02-10 13:47
1759;Crabe Sourimi Exotique;6.0;;2026-02-10 13:47
1762;Poisson-Tigre;7.0;;2026-02-10 13:47
1770;Bout de Blop Coco;0.116;;2026-02-10 13:47
1771;Souris verte;0.404;;2026-02-10 13:47
1773;Bout de Blop Reinette;0.116;;2026-02-10 13:47
1775;Bout de Blop Griotte;0.116;;2026-02-10 13:47
1777;Bout de Blop Indigo;0.116;;2026-02-10 13:47
1779;Bar Rikain;0.22;;2026-02-10 13:47
1782;Goujon;0.03;;2026-02-10 13:47
1784;Raie Bleue;0.19;;2026-02-10 13:47
1786;Greuvette Horreur;4.0;;2026-02-10 13:47
1788;Raie de Farle;19.0;;2026-02-10 13:47
1790;Goujon Kiye;3.0;;2026-02-10 13:47
1792;Bar Iton;22.0;;2026-02-10 13:47
1794;Carpe d'Iem;0.1;;2026-02-10 13:47
1796;Carpette des sables;10.0;;2026-02-10 13:47
1799;Kralamoure Unique;14.0;;2026-02-10 13:47
1801;Perche;0.17;;2026-02-10 13:47
1803;Chaton-Perche;17.0;;2026-02-10 13:47
1805;Sardine Brillante;0.11;;2026-02-10 13:47
1807;Sardine Sombre;11.0;;2026-02-10 13:47
1844;Truite;0.05;;2026-02-10 13:47
1846;Truite Ancestrale;5.0;;2026-02-10 13:47
1847;Brochet;0.12;;2026-02-10 13:47
1849;Brochet Tupe-Halett;12.0;;2026-02-10 13:47
1853;Requin Marché-Libre;21.0;;2026-02-10 13:47
1889;Plume de Crowneille;0.565;0.333333333;2026-02-10 13:47
1890;Poil de Vétauran;0.578;;2026-02-10 13:47
1891;Peau de serpentin;0.395;;2026-02-10 13:47
1894;Poil de Gliglitch;4.545;;2026-02-10 13:47
1974;Feuille de Salace;0.059;;2026-02-10 13:47
1984;Cendres Éternelles;0.043;;2026-02-10 13:47
2012;Sang de Scorbute;;0.0;2025-01-01 00:00
2018;Blé d'Or;3.0;;2026-02-10 13:47
2021;Houblon Brillant;10.0;;2026-02-10 13:47
2026;Lin Tempête;12.0;;2026-02-10 13:47
2029;Seigle Résistant;15.0;;2026-02-10 13:47
2032;Orge en Sucre;5.0;;2026-02-10 13:47
2035;Chanvre Euphorique;20.0;;2026-02-10 13:47
2036;Avoine Aurifère;7.0;;2026-02-10 13:47
2059;Corbac Mort;9.217;;2026-02-10 13:47
2060;Patte de Corbac;1.531;;2026-02-10 13:47
2150;Graine de Scorbute;0.565;;2026-02-10 13:47
2179;Dent de Dragodinde;0.565;0.5;2026-02-10 13:47
2241;Gelée Menthe Royale;2.228;;2026-02-10 13:47
2242;Gelée Fraise Royale;2.228;;2026-02-10 13:47
2247;Plume de Tofu Royal;17.326;;2026-02-10 13:47
2249;Dent de Garglyphe;0.176;;2026-02-10 13:47
2250;Bois de Tronknyde;0.206;0.058823529;2026-02-10 13:47
2251;Méga Pierre du Craqueleur;3.263;0.5;2026-02-10 13:47
2252;Dent en Or de Craqueleur;2.448;;2026-02-10 13:47
2253;Fleur de Gloutovore;1.094;0.5;2026-02-10 13:47
2254;Feuille de Fourbasse;1.094;0.5;2026-02-10 13:47
2259;Pic de Lance de Gobet;0.206;;2026-02-10 13:47
2264;Canine de Gobelin;0.444;;2026-02-10 13:47
2266;Lait de Cochon de Lait;1.461;;2026-02-10 13:47
2268;Scalp de Bwork Archer;1.382;0.333333333;2026-02-10 13:47
2271;Cuir Violet de Mégabwork;6.13;;2026-02-10 13:47
2273;Tissu Pourpre;1.012;;2026-02-10 13:47
2274;Bougie du Mineur Sombre;0.763;0.25;2026-02-10 13:47
2275;Cuir de Porkass;0.272;;2026-02-10 13:47
2277;Linceul;1.627;;2026-02-10 13:47
2278;Tissu Invisible;0.682;;2026-02-10 13:47
2279;Canine Vampiresque;0.117;;2026-02-10 13:47
2280;Paille Vampiresque;1.454;;2026-02-10 13:47
2281;Tissu de Graboule;6.13;;2026-02-10 13:47
2282;Touffe de Cheveux Blancs;1.627;;2026-02-10 13:47
2285;Tissu Sombre;1.064;;2026-02-10 13:47
2286;Bandelettes;1.012;0.5;2026-02-10 13:47
2287;Concombre;3.0;;2026-02-10 13:47
2288;Patte de Wabbit;0.292;;2026-02-10 13:47
2294;Viscères de Scarafeuille;1.297;;2026-02-10 13:47
2295;Fragment d'Épée Reptilienne;3.354;;2026-02-10 13:47
2297;Flèche du Chafer Archer;0.272;;2026-02-10 13:47
2299;Mèche Rebelle d'Hell Mina;23.958;;2026-02-10 13:47
2300;Fragment d'Os;1.766;;2026-02-10 13:47
2301;Moustache de Kolérat;0.565;0.333333333;2026-02-10 13:47
2302;Langue d'Étoile;1.627;;2026-02-10 13:47
2303;Carapace vide de Crabe;1.627;;2026-02-10 13:47
2304;Fragment de Pierre Polie;0.549;0.076923077;2026-02-10 13:47
2305;Fragment de Pierre Pointue;0.543;0.142857143;2026-02-10 13:47
2316;Couteau de Roukouto;1.012;0.5;2026-02-10 13:47
2318;Feuille de Rose Obscure;0.574;;2026-02-10 13:47
2320;Collier Cassé de Macien;3.354;3.0;2026-02-10 13:47
2321;Babines de Macien;0.565;0.333333333;2026-02-10 13:47
2322;Crocs de Rats;0.111;0.125;2026-02-10 13:47
2323;Colonne Vertébrale;0.979;;2026-02-10 13:47
2330;Capsule Explosive;0.254;0.028571429;2026-02-10 13:47
2336;Crâne de Chafer;1.064;;2026-02-10 13:47
2357;Bois d'Oliviolet;0.14;;2026-02-10 13:47
2358;Bois de Bombu;0.11;;2026-02-10 13:47
2436;Gelée Citron;0.283;;2026-02-10 13:47
2437;Gelée Citron Royale;2.228;;2026-02-10 13:47
2448;Cervelle de Bouftou des Cavernes;31.342;8.0;2026-02-10 13:47
2451;Patte d'Arakne des Égouts;0.665;;2026-02-10 13:47
2454;Estomac de Tofu Ventripotent;1.064;;2026-02-10 13:47
2455;Sang de Bouftou;0.487;;2026-02-10 13:47
2463;Dent de Kwoan;0.974;;2026-02-10 13:47
2464;Queue de Boostache Prépubère;0.974;;2026-02-10 13:47
2466;Langue de Gargrouille;0.974;;2026-02-10 13:47
2467;Rondelles de Milirat Strubien;0.665;1.0;2026-02-10 13:47
2468;Estomac de Ouassingue;0.18;1.0;2026-02-10 13:47
2479;Fléau de Robot Fléau;2.392;;2026-02-10 13:47
2480;Slip en cuir de Porkass;1.627;;2026-02-10 13:47
2481;Chaîne de Robot Fléau;0.395;;2026-02-10 13:47
2482;Charnière Cassée;0.404;;2026-02-10 13:47
2483;Bidule inutile;2.444;;2026-02-10 13:47
2484;Trident Cassé;0.272;;2026-02-10 13:47
2486;Coque Endommagée;0.395;;2026-02-10 13:47
2488;Viscères de Scorbute;3.281;3.0;2026-02-10 13:47
2496;Queue de Rat d'Hyoactif;0.395;0.2;2026-02-10 13:47
2497;Oreille de Guerrier Mental;0.395;0.142857143;2026-02-10 13:47
2500;Kolérat Mort;3.354;3.0;2026-02-10 13:47
2502;Papatte de Croc Gland;0.549;0.25;2026-02-10 13:47
2504;Langue de Craquelope;2.817;1.0;2026-02-10 13:47
2505;Baballe;3.174;;2026-02-10 13:47
2506;Grelot;2.405;;2026-02-10 13:47
2507;Peau de Larve Champêtre;2.43;;2026-02-10 13:47
2508;Venin de Serpentin;2.38;;2026-02-10 13:47
2509;Dent de Larve Champêtre;0.404;;2026-02-10 13:47
2510;Estomac de Gliglidoudur;25.726;;2026-02-10 13:47
2511;Cuir de Gliglibido;4.363;;2026-02-10 13:47
2512;Queue de Sanglier des Plaines;1.5;;2026-02-10 13:47
2513;Étoffe de Gliglidoudur;4.363;;2026-02-10 13:47
2514;Sabot de Gliglicérin;25.971;;2026-02-10 13:47
2515;Groin de Sanglier des Plaines;0.249;;2026-02-10 13:47
2516;Défense de Gliglicérin;4.363;;2026-02-10 13:47
2527;Clakoss;36.856;;2026-02-10 13:47
2528;Ongle de Kanigrou;0.628;;2026-02-10 13:47
2539;Substrat de Buisson;2.85;;2026-02-10 13:47
2540;Substrat de Futaie;5.4;;2026-02-10 13:47
2543;Substrat de Fascine;7.65;;2026-02-10 13:47
2549;Boîte de Vétauran;0.453;;2026-02-10 13:47
2550;Étoffe de Foufayteur;3.391;;2026-02-10 13:47
2551;Oreille de Foufayteur;0.565;;2026-02-10 13:47
2554;Côtes de Porkass;1.627;;2026-02-10 13:47
2555;Courroie en cuir;2.38;;2026-02-10 13:47
2558;Blop Mort;1.685;;2026-02-10 13:47
2559;Crinière de Troollaraj;2.214;;2026-02-10 13:47
2560;Épaulière de Troolligark;13.096;;2026-02-10 13:47
2561;Bracelet de Force de Trooll;13.096;;2026-02-10 13:47
2562;Slip de Troollaraj;13.096;;2026-02-10 13:47
2563;Peau de Larve Jaune;0.075;;2026-02-10 13:47
2564;Sourcils de Tronknyde;1.226;0.5;2026-02-10 13:47
2565;Rondelle de Bois;1.064;;2026-02-10 13:47
2566;Tranche Magique de Krambwork;6.13;;2026-02-10 13:47
2571;Patte de Tofukaz;0.176;;2026-02-10 13:47
2572;Estomac de Tofukaz;1.064;;2026-02-10 13:47
2574;Crinière de Scélérat Strubien;0.582;1.0;2026-02-10 13:47
2575;Scalp de Mulounoké;8.043;8.0;2026-02-10 13:47
2576;Scalp de Milimulou;0.667;;2026-02-10 13:47
2577;Scalp du Meulou;5.469;;2026-02-10 13:47
2584;Main de Boo;0.565;;2026-02-10 13:47
2586;Aile de Dragodinde Rousse Sauvage;3.391;;2026-02-10 13:47
2588;Aile de Dragodinde;2.868;0.5;2026-02-10 13:47
2599;Pic de Dragodinde;0.48;0.142857143;2026-02-10 13:47
2602;Plume de Domoizelle;1.094;0.5;2026-02-10 13:47
2605;Plume de Dostrogo;1.094;;2026-02-10 13:47
2607;Trukikol Mort;1.094;0.5;2026-02-10 13:47
2609;Carapace Verte;0.313;0.166666667;2026-02-10 13:47
2610;Carapace Rouge;0.313;0.166666667;2026-02-10 13:47
2611;Carapace Jaune;0.313;0.166666667;2026-02-10 13:47
2613;Carapace Bleue;0.313;0.166666667;2026-02-10 13:47
2617;Tranche de Nodkoko;0.313;0.166666667;2026-02-10 13:47
2618;Kokopaille;0.304;0.083333333;2026-02-10 13:47
2619;Lait de Tortue;1.866;1.0;2026-02-10 13:47
2620;Rhum de Qualité;1.103;0.5;2026-02-10 13:47
2621;Barbe du Chouque;5.513;2.0;2026-02-10 13:47
2622;Boulet de Canondorf;1.103;0.5;2026-02-10 13:47
2623;Bwak Squelettique;33.385;22.0;2026-02-10 13:47
2624;Feuille de Tikoko;0.313;0.166666667;2026-02-10 13:47
2625;Poupée Vaudou Eth;0.446;0.25;2026-02-10 13:47
2626;Poupée Vaudou Jav;0.446;0.25;2026-02-10 13:47
2627;Poupée Vaudou Sarbak;0.446;0.25;2026-02-10 13:47
2628;Poupée Vaudou Ark;0.446;0.25;2026-02-10 13:47
2632;Glouto Rhum;1.591;0.5;2026-02-10 13:47
2642;Mâchoire de Rib;1.073;;2026-02-10 13:47
2645;Groin de Dragon Cochon;5.469;2.0;2026-02-10 13:47
2646;Slip en cuir de Cochon de Lait;1.804;;2026-02-10 13:47
2647;Oreille de Médibwork;1.012;;2026-02-10 13:47
2648;Griffes de Kwak;0.254;;2026-02-10 13:47
2649;Ver de Terre;1.515;;2026-02-10 13:47
2650;Ver d'Eau;1.515;;2026-02-10 13:47
2651;Ver de Feu;1.515;;2026-02-10 13:47
2652;Ver d'Air;1.515;;2026-02-10 13:47
2653;Arakne Majeure Morte;1.982;;2026-02-10 13:47
2654;Eau de Kwapa;18.104;;2026-02-10 13:47
2656;Os rongé de Gobichon;0.206;;2026-02-10 13:47
2659;Pétale de Tournesol Sauvage;0.075;;2026-02-10 13:47
2661;Feuille de Tournesol Sauvage;0.446;;2026-02-10 13:47
2662;Bave de Rose Démoniaque;0.398;;2026-02-10 13:47
2663;Engrais;0.434;;2026-02-10 13:47
2664;Os de Crocodaille;1.744;;2026-02-10 13:47
2665;Herbe Folle;0.428;;2026-02-10 13:47
2669;Chauve-souris;0.998;;2026-02-10 13:47
2674;Bonnet de Gobaliste;0.206;;2026-02-10 13:47
2675;Plume de Tofu Maléfique;0.758;;2026-02-10 13:47
2676;Noeul Mort;0.542;;2026-02-10 13:47
2805;Testicules Magiques de Muloubard;8.043;8.0;2026-02-10 13:47
2806;Testicules Magiques du Meulou;32.731;29.0;2026-02-10 13:47
3001;Épaulière de Bwork;0.328;;2026-02-10 13:47
3002;Botte trouée de Mégabwork;1.012;;2026-02-10 13:47
3208;Slip de Bwork Archer;0.229;0.035714286;2026-02-10 13:47
3209;Scalp de Bizarbwork;6.13;;2026-02-10 13:47
6457;Kriptonite;9.15;;2026-02-10 13:47
6458;Kobalite;11.1;;2026-02-10 13:47
6475;Casque Cassé du Chafer;0.788;;2026-02-10 13:47
6476;Griffe de Robionicle;0.404;;2026-02-10 13:47
6478;Makroute Déchiqueté;1.627;;2026-02-10 13:47
6479;Ours Déchiqueté;1.627;;2026-02-10 13:47
6480;Osier Sombre;2.938;;2026-02-10 13:47
6488;Racine du Chêne Mou;11.552;7.0;2026-02-10 13:47
6490;Ambre du Chêne Mou;69.598;76.0;2026-02-10 13:47
6736;Bourgeon de Fourbasse;1.591;0.5;2026-02-10 13:47
6738;Crâne de Chef Crocodaille;3.779;;2026-02-10 13:47
6739;Peau de Roukouto;6.13;6.0;2026-02-10 13:47
6740;Peau de Tivelo;6.13;6.0;2026-02-10 13:47
6842;Pétale de Rose Obscure;0.095;;2026-02-10 13:47
6843;Gant de Sherpoa;0.111;;2026-02-10 13:47
6844;Oreille de Douzdoa;0.111;0.066666667;2026-02-10 13:47
6845;Casque de Martoa;0.111;;2026-02-10 13:47
6884;Clef de la Grotte du Bworker;141.132;;2026-02-10 13:47
6897;Plume de Piou Bleu;0.059;0.001199041;2026-02-10 13:47
6898;Plume de Piou Violet;0.059;0.001199041;2026-02-10 13:47
6899;Plume de Piou Vert;0.059;0.001298701;2026-02-10 13:47
6900;Plume de Piou Rouge;0.062;0.001298701;2026-02-10 13:47
6902;Plume de Piou Jaune;0.059;0.001199041;2026-02-10 13:47
6903;Plume de Piou Rose;0.06;0.001199041;2026-02-10 13:47
6904;Protection usagée du Bworker;;0.0;2025-01-01 00:00
7013;Bois de Bambou;0.16;;2026-02-10 13:47
7014;Bois de Bambou Sacré;0.26;;2026-02-10 13:47
7016;Bois de Bambou Sombre;0.24;;2026-02-10 13:47
7017;Sarbacane en Bambou;3.0;;2026-02-10 13:47
7018;Riz;0.15;;2026-02-10 13:47
7023;Pierre d'Aigue-Marine;7.0;;2026-02-10 13:47
7024;Pierre de Topaze;2.004;;2026-02-10 13:47
7025;Pierre d'Agathe;4.58;;2026-02-10 13:47
7026;Aigue-Marine;105.701;;2026-02-10 13:47
7027;Topaze;30.768;;2026-02-10 13:47
7028;Agathe;21.31;;2026-02-10 13:47
7030;Peau de Krambwork;1.012;;2026-02-10 13:47
7032;Silicate;0.15;;2026-02-10 13:47
7033;Dolomite;0.25;;2026-02-10 13:47
7035;Pyrute;14.475;;2026-02-10 13:47
7036;Rutile;14.4;;2026-02-10 13:47
7059;Graine de Pandouille;0.17;;2026-02-10 13:47
7222;Artefact Pandawushu Eau;17.266;0.0;2026-02-10 13:47
7223;Artefact Pandawushu Vent;22.635;;2026-02-10 13:47
7224;Artefact Pandawushu Roc;17.975;;2026-02-10 13:47
7225;Artefact Pandawushu Feu;22.635;0.0;2026-02-10 13:47
7259;Poterie cassée de Lolojiki;3.0;;2026-02-10 13:47
7269;Pollen de Bulbiflore;1.853;;2026-02-10 13:47
7270;Langue de Grenufar;1.853;;2026-02-10 13:47
7271;Épine de Bulbuisson;1.853;;2026-02-10 13:47
7272;Pistil de Floristile;1.853;;2026-02-10 13:47
7274;Katana de Kwamouraï;3.0;;2026-02-10 13:47
7275;Masque de Shinibaru;3.0;;2026-02-10 13:47
7276;Baguette de Tétonuki;3.0;;2026-02-10 13:47
7277;Lunettes de Parashukouï;3.0;;2026-02-10 13:47
7278;Poing rocheux d'Ishigro Pake;3.0;;2026-02-10 13:47
7290;Tige de Bambouto;1.853;;2026-02-10 13:47
7291;Nectar de l'Orient;10.061;;2026-02-10 13:47
7292;Poils de Boumbardier;3.722;;2026-02-10 13:47
7293;Poils de Founamboul;3.722;;2026-02-10 13:47
7294;Poils de Pétartifoux;3.722;;2026-02-10 13:47
7298;Peau de Rouquette;3.722;;2026-02-10 13:47
7299;Peau de Crachefoux;3.722;;2026-02-10 13:47
7300;Tête de lance de Fangshu;3.722;;2026-02-10 13:47
7301;Étoffe de Kurookin;3.722;;2026-02-10 13:47
7304;Étoffe de Firefoux;22.635;;2026-02-10 13:47
7305;Poils magiques de Tanuki;17.975;;2026-02-10 13:47
7306;Pelage aérodynamique;22.635;;2026-02-10 13:47
7308;Salopette Kwapa;3.0;;2026-02-10 13:47
7309;Clef du Dojo du vent;57.826;;2026-02-10 13:47
7310;Clef de la Vallée de la Dame des eaux;47.114;;2026-02-10 13:47
7311;Clef de l'Atelier du Tanukouï San;42.614;;2026-02-10 13:47
7312;Clef de la Fabrique de foux d'artifice;57.826;;2026-02-10 13:47
7343;Bracelet de Ino-Naru;3.722;;2026-02-10 13:47
7379;Fleur d'Onabu-Geisha;5.932;;2026-02-10 13:47
7381;Kaokurimono;7.737;;2026-02-10 13:47
7383;Yokayu;45.37;;2026-02-10 13:47
7384;Étoffe de Samouraï fantôme;35.852;;2026-02-10 13:47
7385;Braises bleutées;38.684;;2026-02-10 13:47
7386;Testicules du Tanukouï San;15.0;60.0;2026-02-10 13:47
7393;Moustache du Shogun Tofugawa;29.659;;2026-02-10 13:47
7404;Os de Jiangshi-Nobi;5.932;;2026-02-10 13:47
7405;Plastron de Tambouraï;5.932;;2026-02-10 13:47
7406;Épaulière de Kabushido;5.932;;2026-02-10 13:47
7407;Croissant de Tsukinochi;5.932;;2026-02-10 13:47
7408;Kapokaza;7.737;;2026-02-10 13:47
7410;Lanterne usée;7.737;;2026-02-10 13:47
7411;Masque brisé;7.737;;2026-02-10 13:47
7433;Rune Cri;5.0;5.0;2026-02-10 13:47
7434;Rune So;5.0;5.0;2026-02-10 13:47
7436;Rune Pui;0.2;0.333333333;2026-02-10 13:47
7437;Rune Do Ren;1.25;1.0;2026-02-10 13:47
7438;Rune Po;130.05;130.0;2026-02-10 13:47
7442;Rune Invo;45.0;45.0;2026-02-10 13:47
7443;Rune Pod;0.1;0.090909091;2026-02-10 13:47
7444;Rune Pa Pod;0.45;0.25;2026-02-10 13:47
7445;Rune Ra Pod;1.35;1.0;2026-02-10 13:47
7446;Rune Do Pi;1.25;;2026-02-10 13:47
7447;Rune Per Pi;0.2;;2026-02-10 13:47
7448;Rune Ini;0.1;0.090909091;2026-02-10 13:47
7449;Rune Pa Ini;0.45;0.25;2026-02-10 13:47
7450;Rune Ra Ini;1.35;1.0;2026-02-10 13:47
7451;Rune Prospe;0.45;0.5;2026-02-10 13:47
7452;Rune Ré Feu;0.2;0.333333333;2026-02-10 13:47
7453;Rune Ré Air;0.2;0.333333333;2026-02-10 13:47
7454;Rune Ré Eau;0.2;0.333333333;2026-02-10 13:47
7455;Rune Ré Terre;0.2;0.333333333;2026-02-10 13:47
7456;Rune Ré Neutre;0.2;0.333333333;2026-02-10 13:47
7457;Rune Ré Per Feu;1.8;3.0;2026-02-10 13:47
7458;Rune Ré Per Air;1.8;3.0;2026-02-10 13:47
7459;Rune Ré Per Terre;1.8;3.0;2026-02-10 13:47
7460;Rune Ré Per Neutre;1.8;3.0;2026-02-10 13:47
7508;Rune de Signature;1.98;1.0;2026-02-10 13:47
7509;Première partie de la clef du labyrinthe du Dragon Cochon;2.235;;2026-02-10 13:47
7510;Deuxième partie de la clef du labyrinthe du Dragon Cochon;6.53;;2026-02-10 13:47
7511;Clef du labyrinthe du Dragon Cochon;20.068;;2026-02-10 13:47
7557;Clef du Domaine Ancestral;13.044;;2026-02-10 13:47
7560;Rune Ré Per Eau;1.8;3.0;2026-02-10 13:47
7652;Potion de Souvenir;1.65;;2026-02-10 13:47
7904;Fleur de Kaliptus;2.765;0.02;2026-02-10 13:47
7905;Laine du Boufcoul;0.565;0.333333333;2026-02-10 13:47
7906;Corne du Boufcoul;1.012;0.333333333;2026-02-10 13:47
7908;Clef de la Caverne du Koulosse;16.039;;2026-02-10 13:47
7918;Clef du Donjon des Tofus;3.366;;2026-02-10 13:47
7924;Clef du Labyrinthe du Minotoror;27.782;;2026-02-10 13:47
7925;Bois de Kaliptus;0.21;;2026-02-10 13:47
7926;Clef de la Bibliothèque du Maître Corbac;25.272;;2026-02-10 13:47
7927;Clef des Pitons Rocheux des Craqueleurs;9.414;;2026-02-10 13:47
8001;Bandelette du Guerrier Koalak;10.554;5.0;2026-02-10 13:47
8002;Étoffe de Dok Alako;0.711;0.2;2026-02-10 13:47
8050;Peau de Koalak Immature;0.534;2.0;2026-02-10 13:47
8052;Peau de Maître Koalak;2.177;1.0;2026-02-10 13:47
8053;Peau de Chevaucheur Koalak;1.901;11.0;2026-02-10 13:47
8054;Peau de Drakoalak;1.262;1.0;2026-02-10 13:47
8055;Os de Mama Koalak;1.297;8.0;2026-02-10 13:47
8056;Fémur de Koalak Farouche;11.667;12.0;2026-02-10 13:47
8057;Tibia de Koalak Fossoyeur;1.778;1.0;2026-02-10 13:47
8058;Cubitus de Momie Koalak;2.038;1.0;2026-02-10 13:47
8059;Poils de Koalak Griotte;0.969;1.0;2026-02-10 13:47
8060;Poils de Koalak Coco;0.969;1.0;2026-02-10 13:47
8061;Poils de Koalak Reinette;0.969;1.0;2026-02-10 13:47
8062;Poils de Koalak Indigo;0.969;1.0;2026-02-10 13:47
8064;Boomerang du Koalak Sanguin;11.099;11.0;2026-02-10 13:47
8065;Poils de Barbe de Dragodinde;3.354;3.0;2026-02-10 13:47
8066;Poils de Barbe du Warko Violet;12.259;13.0;2026-02-10 13:47
8073;Clef du Repaire de Skeunk;30.945;;2026-02-10 13:47
8075;Boomerang du Dok Alako;4.318;1.0;2026-02-10 13:47
8076;Boomerang du Maître Koalak;12.878;13.0;2026-02-10 13:47
8077;Boomerang du Warko Marron;0.823;2.0;2026-02-10 13:47
8082;Étoffe du Fauchalak;12.878;13.0;2026-02-10 13:47
8083;Os de Pékeualak;0.969;1.0;2026-02-10 13:47
8084;Peau de Piralak;0.969;1.0;2026-02-10 13:47
8085;Poils de Koalak Forestier;0.969;1.0;2026-02-10 13:47
8086;Coiffe déchiquetée de Drakoalak;7.627;8.0;2026-02-10 13:47
8102;Pierre du Craqueleur Légendaire;2.621;;2026-02-10 13:47
8135;Clef du Donjon des Bworks;4.312;;2026-02-10 13:47
8137;Viscères du Scarabosse Doré;5.694;;2026-02-10 13:47
8139;Clef du Donjon des Scarafeuilles;3.817;;2026-02-10 13:47
8141;Ailes du Scarafeuille Noir;0.221;;2026-02-10 13:47
8142;Clef Secrète du Tofulailler Royal;19.245;;2026-02-10 13:47
8143;Clef des Champs;1.406;;2026-02-10 13:47
8156;Clef de la Tanière du Meulou;21.131;;2026-02-10 13:47
8157;Pétale Magique du Tournesol Affamé;0.692;;2026-02-10 13:47
8158;Plume Graisseuse du Tofu Ventripotent;0.239;;2026-02-10 13:47
8161;Ailes du Scarabosse Doré;0.946;;2026-02-10 13:47
8249;Plume de Buveur;1.47;;2026-02-10 13:47
8250;Poil de Renarbo;1.497;;2026-02-10 13:47
8252;Plume de Corbac Apprivoisé;1.47;;2026-02-10 13:47
8307;Clef de la salle du Minotot;59.35;;2026-02-10 13:47
8308;Carapace de Scaratos;1.467;1.0;2026-02-10 13:47
8309;Plume du Serpiplume;1.984;0.333333333;2026-02-10 13:47
8311;Poil de Gamino;1.764;0.5;2026-02-10 13:47
8312;Peau de Minoskito;1.664;0.333333333;2026-02-10 13:47
8314;Peau de Kraméléhon;1.054;0.5;2026-02-10 13:47
8315;Peau de Mandrine;1.664;0.333333333;2026-02-10 13:47
8320;Clef de l'antre du Dragon Cochon;27.41;;2026-02-10 13:47
8321;Poil de Capsaaloocke;1.34;;2026-02-10 13:47
8322;Poil de Troolléolé;2.251;;2026-02-10 13:47
8323;Cuir de Déminoboule;1.483;0.5;2026-02-10 13:47
8324;Cuir de Capsaaloocke;8.056;;2026-02-10 13:47
8326;Bandelette du Mominotor;1.483;1.0;2026-02-10 13:47
8327;Corne de Déminoboule;8.856;8.0;2026-02-10 13:47
8328;Corne de Mominotor;8.856;12.0;2026-02-10 13:47
8329;Clef de la mine de Sakaï;183.117;;2026-02-10 13:47
8342;Clef de l'Antre de Crocabulia;30.664;;2026-02-10 13:47
8343;Clef de l'Épreuve de Draegnerys;10.839;;2026-02-10 13:47
8344;Akaslip d'Akakwa;3.0;;2026-02-10 13:47
8345;Corne de Dragoss Protéiforme;8.043;;2026-02-10 13:47
8346;Corne de Dragoss Calcaire;8.043;;2026-02-10 13:47
8347;Lame brisée de Lichangoro;3.722;;2026-02-10 13:47
8348;Coquille de Dragoss Charbon;8.043;;2026-02-10 13:47
8349;Coquille de Dragoss Ardoise;8.043;;2026-02-10 13:47
8350;Coquille de Dragoss Protéiforme;1.349;;2026-02-10 13:47
8351;Coquille de Dragoss Argile;8.043;;2026-02-10 13:47
8352;Écaille de Dragoss Charbon;1.349;;2026-02-10 13:47
8353;Écaille de Dragoss Ardoise;1.349;;2026-02-10 13:47
8354;Écaille de Dragoss Calcaire;1.349;;2026-02-10 13:47
8355;Écaille de Dragoss Argile;1.349;;2026-02-10 13:47
8356;Peau de Dragueuse;1.832;;2026-02-10 13:47
8357;Corne de Gliglibido;26.476;;2026-02-10 13:47
8358;Croc de Dragoeuf Protecteur;10.605;;2026-02-10 13:47
8359;Aile de Draguaindrop;10.913;;2026-02-10 13:47
8360;Peau de Draguaindrop;1.832;;2026-02-10 13:47
8361;Corne de Dragacé;1.832;;2026-02-10 13:47
8362;Peau de Dragnarok;1.832;;2026-02-10 13:47
8363;Corne de Dragmatique;1.637;;2026-02-10 13:47
8364;Lanière en cuir de Gliglitch;27.0;;2026-02-10 13:47
8365;Corne brisée de Crocabulia;48.884;;2026-02-10 13:47
8367;Peau de Crocabulia;8.187;;2026-02-10 13:47
8381;Queue Magique de Founoroshi;18.611;;2026-02-10 13:47
8383;Peau de Moon;5.469;2.0;2026-02-10 13:47
8384;Étoffe Magique de Moon;32.731;29.0;2026-02-10 13:47
8385;Peau de Shin Larve;1.563;;2026-02-10 13:47
8386;Dent de Shin Larve;9.328;;2026-02-10 13:47
8387;Plume Vibrante du Tofu Royal;48.884;;2026-02-10 13:47
8388;Peau de Bworkette;1.389;0.5;2026-02-10 13:47
8389;Poil de Bworkette;8.315;6.0;2026-02-10 13:47
8390;Peau de Cochon de Farle;1.708;1.55;2026-02-10 13:47
8391;Peau de Don Dorgan;2.333;0.93;2026-02-10 13:47
8392;Peau de Don Duss Ang;2.154;0.82;2026-02-10 13:47
8393;Poil de Dragon Cochon;43.75;29.0;2026-02-10 13:47
8394;Méga Pierre du Craqueleur Légendaire;15.661;12.0;2026-02-10 13:47
8396;Mojo de Mergranlou;8.043;8.0;2026-02-10 13:47
8397;Poil du Wa Wabbit;2.228;;2026-02-10 13:47
8398;Étoffe du Wa Wabbit;13.416;;2026-02-10 13:47
8400;Piques à cheveux de Shihan;18.611;;2026-02-10 13:47
8401;Écharpe de Hanshi;18.611;;2026-02-10 13:47
8402;Pierre du Koulosse;32.731;29.0;2026-02-10 13:47
8403;Tresse du Koulosse;5.469;3.0;2026-02-10 13:47
8404;Peau de Skeunk;71.088;48.0;2026-02-10 13:47
8405;Poil de Skeunk;12.016;5.0;2026-02-10 13:47
8408;Sabot du Minotot;179.258;120.0;2026-02-10 13:47
8436;Clef de la Clairière du Chêne Mou;54.342;;2026-02-10 13:47
8437;Clef du Château Ensablé;1.78;;2026-02-10 13:47
8438;Clef de la Sousouricière du Rat Noir;30.394;;2026-02-10 13:47
8439;Clef du Garde-manger du Rat Blanc;25.087;;2026-02-10 13:47
8476;Première clef du Donjon de Sphincter;5.75;;2026-02-10 13:47
8477;Deuxième clef du Donjon de Sphincter;5.75;;2026-02-10 13:47
8481;Poil de Rat d'Égoutant;0.446;0.166666667;2026-02-10 13:47
8482;Peau de Rat;1.984125;1.0;2025-01-01 00:00
8482;Peau de Rat;2.646;1.0;2026-02-10 13:47
8483;Peau de Ramane d'Égoutant;0.371;0.142857143;2026-02-10 13:47
8484;Duvet de Tofoune;1.064;;2026-02-10 13:47
8485;Crinière de Rat Noir;10.678;;2026-02-10 13:47
8486;Crinière de Rat Blanc;7.326;;2026-02-10 13:47
8487;Étoffe de Sphincter Cell;142.327;96.0;2026-02-10 13:47
8490;Fémur de Sphincter Cell;23.958;10.0;2026-02-10 13:47
8495;Bourgeon d'Abraknyde Ancestral;26.156;22.0;2026-02-10 13:47
8496;Racine d'Abraknyde Ancestral;4.343;2.0;2026-02-10 13:47
8545;Clef de la Crypte de Kardorim;0.525;;2026-02-10 13:47
8557;Plume de Batofu;1.029;;2026-02-10 13:47
8570;Poil de Rat Bontarien;8.962;;2026-02-10 13:47
8571;Poil de Rat Brâkmarien;11.049;2.0;2026-02-10 13:47
8680;Écaille poisseuse;0.507;;2026-02-10 13:47
8681;Peau de Raul Mops;1.627;;2026-02-10 13:47
8682;Peau de Mob l'Éponge;0.391;;2026-02-10 13:47
8729;Corail usé;1.515;1.0;2026-02-10 13:47
8730;Coccyx du Corailleur;0.254;0.142857143;2026-02-10 13:47
8731;Corail Magistral;9.328;6.0;2026-02-10 13:47
8732;Corail Kouraçao;0.236;1.0;2026-02-10 13:47
8733;Corail Malibout;0.236;1.0;2026-02-10 13:47
8734;Corail Passaoh;0.236;1.0;2026-02-10 13:47
8735;Corail Morito;0.236;1.0;2026-02-10 13:47
8737;Boule polie;8.819;8.0;2026-02-10 13:47
8738;Sacrum magistral;1.563;0.5;2026-02-10 13:47
8739;Humérus du Sparo;3.069;3.0;2026-02-10 13:47
8740;Chicot du Flib;0.494;0.25;2026-02-10 13:47
8741;Bec du Kido;9.289;9.0;2026-02-10 13:47
8744;Pince de Crustorail;1.398;0.125;2026-02-10 13:47
8745;Pétale Kouraçao;1.454;1.0;2026-02-10 13:47
8746;Pétale Malibout;1.454;1.0;2026-02-10 13:47
8747;Pétale Passaoh;1.454;1.0;2026-02-10 13:47
8748;Pétale Morito;1.454;1.0;2026-02-10 13:47
8749;Bulbe Kouraçao;0.245;0.142857143;2026-02-10 13:47
8750;Bulbe Malibout;0.245;0.142857143;2026-02-10 13:47
8751;Bulbe Passaoh;0.245;0.142857143;2026-02-10 13:47
8752;Bulbe Morito;0.245;0.142857143;2026-02-10 13:47
8753;Crinière fleurie;9.052;9.0;2026-02-10 13:47
8754;Barbe inexistante du Barbroussa;3.174;3.0;2026-02-10 13:47
8755;Touffe rousse du Flib;2.967;3.0;2026-02-10 13:47
8756;Duvet du Kilibriss;1.664;1.0;2026-02-10 13:47
8757;Maillot de corps de Barbroussa;0.534;0.25;2026-02-10 13:47
8758;Morceau de caleçon de Gourlo;3.14;1.0;2026-02-10 13:47
8760;Foulard du Sparo;0.508;0.25;2026-02-10 13:47
8762;Fragment de cerveau poli;1.604;0.5;2026-02-10 13:47
8763;Moustache du Mufafah;1.5;0.5;2026-02-10 13:47
8765;Bâton du Kilibriss;10.032;10.0;2026-02-10 13:47
8766;Plume de fesse du Kido;1.529;0.5;2026-02-10 13:47
8767;Aile du Bitouf des Plaines;1.634;0.5;2026-02-10 13:47
8769;Coco du Bitouf des Plaines;9.779;9.0;2026-02-10 13:47
8771;Écorce de Floribonde;21.278;21.0;2026-02-10 13:47
8772;Écorce de Brouture;20.3;20.0;2026-02-10 13:47
8773;Écorce de Nerbe;19.827;20.0;2026-02-10 13:47
8774;Écorce de Fécorce;20.784;20.0;2026-02-10 13:47
8775;Écorce de Chiendent;19.365;20.0;2026-02-10 13:47
8776;Coco du Bitouf Sombre;21.784;;2026-02-10 13:47
8777;Pistil du Tynril;18.611;7.0;2026-02-10 13:47
8778;Étamine de Floribonde;3.601;2.0;2026-02-10 13:47
8779;Carpelle de Brouture;3.368;2.0;2026-02-10 13:47
8780;Sépale de Nerbe;3.319;2.0;2026-02-10 13:47
8781;Calice de Fécorce;3.418;2.0;2026-02-10 13:47
8782;Bractée de Chiendent;3.271;2.0;2026-02-10 13:47
8783;Amygdales du Bitouf Sombre;3.653;;2026-02-10 13:47
8784;Talon d'achille de l'Abrakleur sombre;22.302;22.0;2026-02-10 13:47
8785;Graine de l'Abrakleur sombre;3.706;2.0;2026-02-10 13:47
8786;Tresse du Poolay;30.914;15.0;2026-02-10 13:47
8787;Cloaque du Poolay;5.227;1.0;2026-02-10 13:47
8788;Croupion du Bitouf aérien;5.365;1.0;2026-02-10 13:47
8789;Chaussette du Kimbo;179.258;120.0;2026-02-10 13:47
8790;Rembourrage de Meupette;4.935;2.0;2026-02-10 13:47
8791;Étoffe de Meupette;29.559;29.0;2026-02-10 13:47
8792;Coco du Bitouf aérien;32.423;16.0;2026-02-10 13:47
8793;Coquille du Kaskargo;34.011;17.0;2026-02-10 13:47
8797;Souche de l'Abrakleur clair;5.913;3.0;2026-02-10 13:47
8798;Queue emplumée du Rasboul Majeur;55.851;37.0;2026-02-10 13:47
8800;Étoffe Zoth;13.235;1.0;2026-02-10 13:47
8801;Étoffe de Ouassingue;9.436;0.045454545;2026-02-10 13:47
8802;Tibia du Guerrier Zoth;15.651;8.0;2026-02-10 13:47
8803;Rotule du Disciple Zoth;14.9;7.0;2026-02-10 13:47
8804;Braguette du Maître Zoth;16.482;8.0;2026-02-10 13:47
8805;Mouchoir de la Gamine Zoth;15.266;;2026-02-10 13:47
8806;Écusson du Sergent Zoth;16.056;8.0;2026-02-10 13:47
8807;Jus de Ouassingue;7.622;;2026-02-10 13:47
8808;Étoffe du Roissingue;16.215;4.0;2026-02-10 13:47
8809;Culotte à l'envers du Roissingue;97.29;48.0;2026-02-10 13:47
8810;Tourbe séchée de Tourbassingue;10.554;5.0;2026-02-10 13:47
8811;Faux menton du Bourbassingue;9.289;4.0;2026-02-10 13:47
8812;Encre du Kralamoure géant;278.159;281.0;2026-02-10 13:47
8813;Ventouse du Kralamoure géant;46.023;28.0;2026-02-10 13:47
8832;Bave du Kaskargo;5.766;1.0;2026-02-10 13:47
8916;Ambre du Tynril;113.176;76.0;2026-02-10 13:47
8917;Clef de la Grotte Hesque;4.706;;2026-02-10 13:47
8971;Clef de l'Arche d'Otomaï;7.761;;2026-02-10 13:47
8972;Clef du Goulet du Rasboul;26.257;;2026-02-10 13:47
8975;Clef du Laboratoire du Tynril;63.79;;2026-02-10 13:47
8977;Clef de la Canopée du Kimbo;87.707;;2026-02-10 13:47
8995;Étoffe de Gourlo le Terrible;18.646;;2026-02-10 13:47
9247;Clef du Temple du Grand Ougah;705.765;;2026-02-10 13:47
9248;Clef du Clos des Blops;3.628;;2026-02-10 13:47
9249;Morceau de clef Griotte;1.725;;2026-02-10 13:47
9250;Morceau de clef Reinette;1.725;;2026-02-10 13:47
9251;Morceau de clef Coco;1.725;;2026-02-10 13:47
9252;Morceau de clef Indigo;1.725;;2026-02-10 13:47
9254;Clef de l'antre du Blop Multicolore;10.35;;2026-02-10 13:47
9263;Écorce de Champaknyde;8.747;53.0;2026-02-10 13:47
9267;Trompe de la Tromperelle;9.258;56.0;2026-02-10 13:47
9269;Langue de Champodonte;9.258;;2026-02-10 13:47
9278;Lamelle de Champbis;9.258;56.0;2026-02-10 13:47
9279;Bave de Champ à Gnons;9.258;28.0;2026-02-10 13:47
9280;Épine d'Ougah;48.382;19.0;2026-02-10 13:47
9281;Fragment d'Ougalurette;289.613;195.0;2026-02-10 13:47
9381;Fleur de Gloutoblop;0.426;;2026-02-10 13:47
9382;Fleur de Blopignon;0.322;;2026-02-10 13:47
9383;Racine de Tronkoblop;0.302;;2026-02-10 13:47
9384;Fleur de Blop Griotte Royal;11.648;;2026-02-10 13:47
9385;Fleur de Blop Coco Royal;11.648;;2026-02-10 13:47
9386;Fleur de Blop Indigo Royal;11.648;;2026-02-10 13:47
9387;Fleur de Blop Reinette Royal;11.648;;2026-02-10 13:47
9388;Feuille de Blop Royal;1.952;;2026-02-10 13:47
9389;Feuille de Blop Multicolore Royal;8.187;;2026-02-10 13:47
9391;Fleur de Blop Multicolore Royal;48.884;;2026-02-10 13:47
9401;Peau du Bworker;289.613;195.0;2026-02-10 13:47
9571;Weischelcreme Torte;18.253;;2026-02-10 13:47
9935;Corde d'escalade;13.903;;2026-02-10 13:47
9940;Nacre brute;1.63;0.5;2026-02-10 13:47
9941;Nacre;8.037;;2026-02-10 13:47
9949;Pâte à Tra Khben;31.095;;2026-02-10 13:47
9950;Pierre de souillure bleue impure;1.401;;2026-02-10 13:47
9951;Pierre de souillure jaune impure;1.448;;2026-02-10 13:47
9952;Pierre de souillure verte impure;1.452;;2026-02-10 13:47
9969;Salace de poissons empoisonnée;52.168;;2026-02-10 13:47
9973;Extrémité du Grattoir;28.794;;2026-02-10 13:47
9975;Manche du Grattoir;75.995;;2026-02-10 13:47
9976;Grattoir à dos inachevé;105.662;;2026-02-10 13:47
9979;Philtre de Longévité;32.16;;2026-02-10 13:47
9981;Farine Humée;6.201;;2026-02-10 13:47
9999;Copie de la clef du repaire des bandits;5.742;;2026-02-10 13:47
10019;Seau de Pinces à Linge;106.425;;2026-02-10 13:47
10030;Tissu de Rapiéçage;92.527;;2026-02-10 13:47
10031;Teinture Orange Sanguine;29.66;;2026-02-10 13:47
10064;Teinture Magique Ténébreuse;6.353;;2026-02-10 13:47
10070;Tonneau en Bombu;19.95;;2026-02-10 13:47
10204;Potion de Sésanabolisant;85.846;;2026-02-10 13:47
10272;Masque à Zag;315.7704;;2025-01-01 00:00
10284;Viscères de Tanuki;6.719;;2026-02-10 13:47
10314;Sang du Kido;0.535;;2026-02-10 13:47
10613;Rune Pa Do Pi;5.625;;2026-02-10 13:47
10615;Rune Pa Per Pi;0.9;;2026-02-10 13:47
10616;Rune Ra Per Pi;2.7;;2026-02-10 13:47
10618;Rune Pa Pui;0.9;;2026-02-10 13:47
10619;Rune Ra Pui;2.7;2.0;2026-02-10 13:47
10662;Rune Pa Prospe;2.025;1.0;2026-02-10 13:47
10831;Bananagrume;15.621;;2026-02-10 13:47
10835;Cachet du bizut;0.125;;2026-02-10 13:47
10970;Sueur de dragodinde;6.212;0.1;2026-02-10 13:47
11102;Perce-Neige;0.27;;2026-02-10 13:47
11106;Poisskaille;0.27;;2026-02-10 13:47
11107;Bois de Tremble;0.27;;2026-02-10 13:47
11109;Frostiz;0.27;;2026-02-10 13:47
11110;Obsidienne;0.27;;2026-02-10 13:47
11117;Laine de Boufmouth;1.976;1.0;2026-02-10 13:47
11118;Clavicule de Boufmouth;11.901;11.0;2026-02-10 13:47
11119;Oreille de Bouftonmouth;1.812;1.0;2026-02-10 13:47
11120;Cuir de Bouftonmouth;10.943;8.0;2026-02-10 13:47
11122;Corne de Boufmouth de guerre;2.104;1.0;2026-02-10 13:47
11135;Queue du Boufmouth légendaire;13.256;15.0;2026-02-10 13:47
11136;Laine de Boufmouth légendaire;2.174;2.0;2026-02-10 13:47
11174;Clef de la serre du Royalmouth;32.878;;2026-02-10 13:47
11175;Clef Mansot;49.065;;2026-02-10 13:47
11176;Clef du Grolandais violent;80.923;;2026-02-10 13:47
11177;Clef de l'hypogée de l'Obsidiantre;76.645;;2026-02-10 13:47
11178;Clef de la Tanière Givrefoux;110.238;;2026-02-10 13:47
11179;Clef de l'Antre du Korriandre;135.044;;2026-02-10 13:47
11180;Clef des cavernes du Kolosso;207.078;;2026-02-10 13:47
11181;Clef de l'Antichambre des Gloursons;219.528;;2026-02-10 13:47
11219;Queue du Royalmouth;71.088;56.0;2026-02-10 13:47
11221;Laine du Royalmouth;12.016;6.0;2026-02-10 13:47
11222;Bec du Timansot;16.973;13.0;2026-02-10 13:47
11223;Plume du Timansot;2.801;1.0;2026-02-10 13:47
11224;Aile de Mansobèse;18.215;16.0;2026-02-10 13:47
11225;Peau de Mansobèse;2.987;2.0;2026-02-10 13:47
11226;Huile de Mamansot;19.15;18.0;2026-02-10 13:47
11227;Duvet de Mamansot;3.201;2.0;2026-02-10 13:47
11228;Arête géante du Shamansot;19.654;20.0;2026-02-10 13:47
11229;Poil de barbe du Shamansot;3.319;2.0;2026-02-10 13:47
11230;Queue du Fu Mansot;3.447;2.0;2026-02-10 13:47
11231;Oreille du Fu Mansot;20.745;22.0;2026-02-10 13:47
11232;Plume du Mansot Royal;18.611;10.0;2026-02-10 13:47
11238;Queue d'Écumouth;2.719;1.0;2026-02-10 13:47
11239;Gland de l'Écumouth;16.477;13.0;2026-02-10 13:47
11240;Dent de Smilomouth;17.828;12.0;2026-02-10 13:47
11241;Poils de Smilomouth;3.0;;2026-02-10 13:47
11242;Défense du Sanglacier;17.828;17.0;2026-02-10 13:47
11243;Cuir du Sanglacier;3.0;2.0;2026-02-10 13:47
11247;Oreille percée du Fricochère;3.222;2.0;2026-02-10 13:47
11248;Oreille de Kaniglou;3.346;2.0;2026-02-10 13:47
11249;Étoffe de Kaniglou;20.327;23.0;2026-02-10 13:47
11250;Poil de Chachachovage;0.976;0.5;2026-02-10 13:47
11251;Sternum de Chachachovage;5.826;3.0;2026-02-10 13:47
11252;Patte de Rat Bougri;5.98;3.0;2026-02-10 13:47
11253;Étoffe de Rat Bougri;1.003;0.5;2026-02-10 13:47
11254;Pince de Crabe Hijacob;0.926;0.333333333;2026-02-10 13:47
11256;Bec de Gélikan;5.679;3.0;2026-02-10 13:47
11257;Plume de Gélikan;0.951;0.5;2026-02-10 13:47
11279;Scie à glace;98.438;;2026-02-10 13:47
11280;Plaque d'acier;20.084;;2026-02-10 13:47
11281;Masque de protection;116.541;;2026-02-10 13:47
11282;Gants de protection;257.475;;2026-02-10 13:47
11309;Pince du Fancrôme;4.187;3.0;2026-02-10 13:47
11310;Corde du Fancrôme;24.876;27.0;2026-02-10 13:47
11311;Bouée de Fantomalamère;24.876;27.0;2026-02-10 13:47
11312;Queue de Fantomalamère;4.187;3.0;2026-02-10 13:47
11313;Huile de Fantimonier;24.876;29.0;2026-02-10 13:47
11314;Coquille de Fantimonier;4.187;3.0;2026-02-10 13:47
11315;Mât de Fantômat;4.187;3.0;2026-02-10 13:47
11316;Dent de Fantômat;33.059;16.0;2026-02-10 13:47
11317;Coquille de Harpirate;24.876;31.0;2026-02-10 13:47
11318;Écaille de Harpirate;4.187;3.0;2026-02-10 13:47
11319;Étoffe de Vigie Pirate;4.786;4.0;2026-02-10 13:47
11321;Poil de Ben le Ripate;23.958;12.0;2026-02-10 13:47
11322;Scapula de Ben le Ripate;142.327;116.0;2026-02-10 13:47
11323;Pierre d'Atomystique;6.389;5.0;2026-02-10 13:47
11324;Téphra d'Atomystique;34.848;46.0;2026-02-10 13:47
11325;Résidu de Solfataré;5.227;4.0;2026-02-10 13:47
11326;Ulna de Solfataré;31.593;39.0;2026-02-10 13:47
11329;Pierre de Fumrirolle;6.389;5.0;2026-02-10 13:47
11330;Artefact de Fumrirolle;34.848;46.0;2026-02-10 13:47
11331;Pierre de Mofette;6.765;6.0;2026-02-10 13:47
11332;Tuf de Mofette;9.289;8.0;2026-02-10 13:47
11333;Scorie d'Obsidiantre;29.659;16.0;2026-02-10 13:47
11334;Vertèbre d'Obsidiantre;179.258;161.0;2026-02-10 13:47
11335;Patte de Soryo Givrefoux;40.278;18.0;2026-02-10 13:47
11336;Oreille de Soryo Givrefoux;6.868;2.0;2026-02-10 13:47
11337;Cuir de Maho Givrefoux;40.278;23.0;2026-02-10 13:47
11338;Laine de Maho Givrefoux;6.868;2.0;2026-02-10 13:47
11339;Laine de Yokaï Givrefoux;6.868;2.0;2026-02-10 13:47
11340;Crâne de Yokaï Givrefoux;40.278;20.0;2026-02-10 13:47
11341;Laine de Tengu Givrefoux;38.684;15.0;2026-02-10 13:47
11342;Cuir de Tengu Givrefoux;226.852;153.0;2026-02-10 13:47
11475;Eau calme;0.455;0.006666667;2026-02-10 13:47
11497;Huile de Frostiz;1.215;;2026-02-10 13:47
11499;Frostiz soufflé;27.0;;2026-02-10 13:47
11500;Poisskaille Givré;27.0;;2026-02-10 13:47
11501;Étoile des Neiges;27.0;;2026-02-10 13:47
11517;Eclat temporel;375.0;254.0;2026-02-10 13:47
11519;Oreille de Gobosteur;10.967;3.0;2026-02-10 13:47
11522;Fragment de pépite de Sakaï;74.838;9.0;2026-02-10 13:47
11525;Péroné du Marôdeur;12.27;8.0;2026-02-10 13:47
11527;Peau d'Ouilleur;12.139;4.0;2026-02-10 13:47
11530;Pierre du Courtilieur;13.642;9.0;2026-02-10 13:47
11637;Rune Fui;0.8;1.0;2026-02-10 13:47
11638;Rune Pa Fui;3.6;4.0;2026-02-10 13:47
11639;Rune Tac;0.8;1.0;2026-02-10 13:47
11640;Rune Pa Tac;3.6;4.0;2026-02-10 13:47
11641;Rune Ré Pa;2.45;3.0;2026-02-10 13:47
11642;Rune Pa Ré Pa;11.025;8.0;2026-02-10 13:47
11643;Rune Ré Pme;2.45;3.0;2026-02-10 13:47
11644;Rune Pa Ré Pme;11.025;8.0;2026-02-10 13:47
11645;Rune Ret Pa;2.45;3.0;2026-02-10 13:47
11646;Rune Pa Ret Pa;11.025;8.0;2026-02-10 13:47
11647;Rune Ret Pme;2.45;3.0;2026-02-10 13:47
11648;Rune Pa Ret Pme;11.025;8.0;2026-02-10 13:47
11649;Rune Do Pou;1.25;1.0;2026-02-10 13:47
11650;Rune Pa Do Pou;5.625;4.0;2026-02-10 13:47
11651;Rune Ré Pou;0.2;0.333333333;2026-02-10 13:47
11652;Rune Pa Ré Pou;0.9;1.0;2026-02-10 13:47
11653;Rune Do Cri;1.25;1.0;2026-02-10 13:47
11654;Rune Pa Do Cri;5.625;4.0;2026-02-10 13:47
11655;Rune Ré Cri;0.2;0.333333333;2026-02-10 13:47
11656;Rune Pa Ré Cri;0.9;1.0;2026-02-10 13:47
11657;Rune Do Terre;1.25;1.0;2026-02-10 13:47
11658;Rune Pa Do Terre;5.625;4.0;2026-02-10 13:47
11659;Rune Do Feu;1.25;1.0;2026-02-10 13:47
11660;Rune Pa Do Feu;5.625;4.0;2026-02-10 13:47
11661;Rune Do Eau;1.25;1.0;2026-02-10 13:47
11662;Rune Pa Do Eau;5.625;4.0;2026-02-10 13:47
11663;Rune Do Air;1.25;1.0;2026-02-10 13:47
11664;Rune Pa Do Air;5.625;4.0;2026-02-10 13:47
11665;Rune Do Neutre;1.25;1.0;2026-02-10 13:47
11666;Rune Pa Do Neutre;5.625;4.0;2026-02-10 13:47
11695;Carniflore;2.228;0.5;2026-02-10 13:47
11696;Cagoule du Kanniboul Ebil;13.416;8.0;2026-02-10 13:47
11701;Jus d'Écumouth pressé;33.101;;2026-02-10 13:47
11795;Racine de synthèse;750.0;;2025-01-01 00:00
11798;Clef du Village Kanniboul;7.586;;2026-02-10 13:47
11799;Clef de la Maison Fantôme;2.887;;2026-02-10 13:47
11814;Moustache de Boostache;5.694;;2026-02-10 13:47
11815;Boostoplasme;0.946;;2026-02-10 13:47
11880;Malléole de Yomi Givrefoux;6.868;2.0;2026-02-10 13:47
11882;Queue de Yomi Givrefoux;40.278;17.0;2026-02-10 13:47
11883;Condyle de Fuji Givrefoux;375.0;254.0;2026-02-10 13:47
11884;Cuir de Fuji Givrefoux;61.0;25.0;2026-02-10 13:47
11885;Lamelle de Dramanite;8.647;6.0;2026-02-10 13:47
11887;Oreille de Fistulor;51.761;47.0;2026-02-10 13:47
11888;Volve de Fistulor;8.647;6.0;2026-02-10 13:47
11889;Pédoncule de Fongeur;51.761;47.0;2026-02-10 13:47
11890;Volve de Fongeur;8.647;6.0;2026-02-10 13:47
11891;Écorce d'Abrazif;8.647;6.0;2026-02-10 13:47
11892;Racine d'Abrazif;51.761;47.0;2026-02-10 13:47
11893;Lamelle de Mérulette;8.647;6.0;2026-02-10 13:47
11894;Pédoncule de Mérulette;51.761;47.0;2026-02-10 13:47
11895;Patte de Korriandre;48.382;20.0;2026-02-10 13:47
11920;Oreille de Fleuro;11.75;7.0;2026-02-10 13:47
11921;Queue de Wolvero;10.967;7.0;2026-02-10 13:47
11922;Manubrium de Wolvero;67.418;69.0;2026-02-10 13:47
11923;Griffe de Blérauve;10.967;8.0;2026-02-10 13:47
11924;Poil de Blérauve;67.418;76.0;2026-02-10 13:47
11925;Étoffe de Croleur;67.418;76.0;2026-02-10 13:47
11926;Oreille de Croleur;10.967;8.0;2026-02-10 13:47
11927;Molaire de Blérice;10.967;8.0;2026-02-10 13:47
11928;Oreille de Blérice;67.418;76.0;2026-02-10 13:47
11929;Queue de Blérom;67.418;76.0;2026-02-10 13:47
11930;Omoplate de Blérom;10.967;8.0;2026-02-10 13:47
11931;Griffe de Kolosso;61.0;25.0;2026-02-10 13:47
11932;Étoffe de Kolosso;375.0;254.0;2026-02-10 13:47
11933;Vomer d'Apériglours;67.418;34.0;2026-02-10 13:47
11934;Oreille d'Apériglours;10.967;3.0;2026-02-10 13:47
11935;Iris de Boulglours;75.0;38.0;2026-02-10 13:47
11936;Poils de Boulglours;12.2;4.0;2026-02-10 13:47
11937;Laine de Glouragan;75.0;76.0;2026-02-10 13:47
11938;Cuir de Glouragan;12.2;8.0;2026-02-10 13:47
11939;Incisive de Glourmand;12.2;8.0;2026-02-10 13:47
11940;Étoffe de Glourmand;75.0;76.0;2026-02-10 13:47
11941;Aile de Gloursaya;75.0;38.0;2026-02-10 13:47
11942;Antenne de Gloursaya;12.2;4.0;2026-02-10 13:47
11943;Queue de Glourséleste;61.0;25.0;2026-02-10 13:47
11944;Hamatum de Glourséleste;375.0;254.0;2026-02-10 13:47
11945;Queue de Meliglours;12.2;8.0;2026-02-10 13:47
11946;Calcanéus de Meliglours;75.0;76.0;2026-02-10 13:47
11948;Cornée de Kami Givrefoux;40.278;57.0;2026-02-10 13:47
11949;Incisive de Kami Givrefoux;6.868;6.0;2026-02-10 13:47
12001;Larme de Givrefoux;65.0;2.0;2026-02-10 13:47
12015;Bec du Kwakwa;9.328;;2026-02-10 13:47
12016;Plume du Kwakwa;1.563;;2026-02-10 13:47
12017;Clef du Nid du Kwakwa;4.815;;2026-02-10 13:47
12073;Clef du Laboratoire de Brumen Tinctorias;9.883;;2026-02-10 13:47
12075;Fiole de fumée de Nelween;18.646;12.0;2026-02-10 13:47
12076;Duvet de Nelween;3.14;1.0;2026-02-10 13:47
12150;Clef du Donjon de Nowel;13.541;;2026-02-10 13:47
12151;Clef de la Caverne de Nowel;159.939;;2026-02-10 13:47
12152;Clef de la Maison du Papa Nowel;286.511;;2026-02-10 13:47
12351;Clef du Repaire de Sphincter Cell;28.771;;2026-02-10 13:47
12374;Poignée du Gorgouille;29.134;43.0;2026-02-10 13:47
12375;Fragment du Gorgouille;4.861;4.0;2026-02-10 13:47
12428;Boue Juvénile;0.134;0.125;2026-02-10 13:47
12429;Boue Novice;0.785;0.5;2026-02-10 13:47
12430;Boue Mature;2.986;2.0;2026-02-10 13:47
12431;Boue Vénérable;11.971;8.0;2026-02-10 13:47
12432;Poudre Juvénile;0.11;0.125;2026-02-10 13:47
12433;Poudre Novice;0.785;0.5;2026-02-10 13:47
12434;Poudre Mature;3.665;2.0;2026-02-10 13:47
12435;Poudre Vénérable;11.971;8.0;2026-02-10 13:47
12436;Cendres Juvéniles;0.11;0.125;2026-02-10 13:47
12437;Cendres Novices;0.957;0.5;2026-02-10 13:47
12438;Cendres Matures;2.986;2.0;2026-02-10 13:47
12439;Cendres Vénérables;11.971;8.0;2026-02-10 13:47
12440;Flaque Juvénile;0.11;0.125;2026-02-10 13:47
12441;Flaque Novice;0.785;0.5;2026-02-10 13:47
12442;Flaque Mature;2.986;2.0;2026-02-10 13:47
12443;Flaque Vénérable;11.971;8.0;2026-02-10 13:47
12444;Fumée Juvénile;0.11;0.125;2026-02-10 13:47
12445;Fumée Novice;0.785;0.5;2026-02-10 13:47
12446;Fumée Mature;2.986;2.0;2026-02-10 13:47
12447;Fumée Vénérable;11.971;8.0;2026-02-10 13:47
12450;Coquille de Krokille;36.648;18.0;2026-02-10 13:47
12451;Croc de Krokille;155.625;78.0;2026-02-10 13:47
12467;Épine Dorsale de Grozilla;23.958;10.0;2026-02-10 13:47
12468;Bézoard Ardent de Grozilla;142.327;96.0;2026-02-10 13:47
12728;Ardonite;17.025;;2026-02-10 13:47
12733;Substrat de Forêt;27.525;;2026-02-10 13:47
12734;Potion d'altération;32.1;;2026-02-10 13:47
12735;Clef de la Bambusaie de Damadrya;29.603;;2026-02-10 13:47
12737;Galet cramoisi;25.0;13.0;2026-02-10 13:47
12738;Galet rutilant;250.0;125.0;2026-02-10 13:47
12740;Galet brasillant;1875.0;1250.0;2025-01-01 00:00
12743;Potion minérale;36.394;;2026-02-10 13:47
12744;Substrat de Bosquet;16.275;;2026-02-10 13:47
12745;Substrat de Bocage;3.9;;2026-02-10 13:47
12970;Paquet Cadeau du Minotoboule de Nowel;8.189;;2026-02-10 13:47
13096;Fémur du Chafer Ronin;1.288;;2026-02-10 13:47
13097;Mâchoire du Chafer Draugr;0.3;;2026-02-10 13:47
13098;Casque du Chafer Primitif;0.463;;2026-02-10 13:47
13140;Serrure du Coffre des Forgerons;1.339;1.0;2026-02-10 13:47
13154;Poudre glaciale;61.0;25.0;2026-02-10 13:47
13157;Ongle du Bworker;48.382;19.0;2026-02-10 13:47
13164;Sphénoïde du Kimbo;29.659;12.0;2026-02-10 13:47
13165;Duvet du Maître Corbac;7.256;;2026-02-10 13:47
13167;Plume du Rasboul Majeur;7.721;3.0;2026-02-10 13:47
13168;Ethmoïde du Minotot;29.659;12.0;2026-02-10 13:47
13196;Cuir synthétique;750.0;;2025-01-01 00:00
13333;Clef du Potager d'Halouine;10.348;;2026-02-10 13:47
13334;Chicots d'Halouine;43.46;;2026-02-10 13:47
13335;Rouflaquettes d'Halouine;7.292;;2026-02-10 13:47
13336;Graines de Citwouille Maudites;0.525;;2026-02-10 13:47
13338;Enfumoir Zoth;2.249;0.5;2026-02-10 13:47
13339;Sceau Royal Contrefait;0.245;0.25;2026-02-10 13:47
13340;Pustule de Rat Sio;1.34;;2026-02-10 13:47
13341;Patte de la Gardienne des Égouts;5.839;2.0;2026-02-10 13:47
13342;Tatouage de Mauvais Garçon;0.272;0.25;2026-02-10 13:47
13365;Galet Saisonnier;25.0;13.0;2026-02-10 13:47
13366;Galet Lunaire;125.0;63.0;2026-02-10 13:47
13367;Galet Solaire;625.0;313.0;2026-02-10 13:47
13487;Serviette de Plage;0.072;;2026-02-10 13:47
13488;Aile de Dragodinde Dorée;4.03;0.5;2026-02-10 13:47
13489;Miroir de Dopeul;0.214;;2026-02-10 13:47
13490;Bave de Ouassingue;1.443;0.333333333;2026-02-10 13:47
13491;Relique Familiale;0.272;;2026-02-10 13:47
13492;Short de Capoei Rat;1.34;;2026-02-10 13:47
13494;Nageoire de Compétition;0.096;;2026-02-10 13:47
13495;Crâne d'Aventurier;2.177;1.0;2026-02-10 13:47
13496;Bandeau de Nakunbra;1.103;0.5;2026-02-10 13:47
13497;Ruban d'Uchiwang;3.722;;2026-02-10 13:47
13498;Dent de Bourbassingue;1.529;0.333333333;2026-02-10 13:47
13499;Jouet de Gamine Zoth;2.487;0.5;2026-02-10 13:47
13500;Dent de Larve Émeraude;0.282;;2026-02-10 13:47
13502;Fluide Glacial;0.096;;2026-02-10 13:47
13503;Calumet Zoth;3.222;0.5;2026-02-10 13:47
13504;Corne de Gamino;1.764;1.0;2026-02-10 13:47
13505;Bourse Suspecte;0.243;0.076923077;2026-02-10 13:47
13528;Bourgeon d'Abraknyde Sombre Irascible;1.977;1.0;2026-02-10 13:47
13529;Feuille de Branche Soignante;2.246;2.0;2026-02-10 13:47
13593;Peau de Larve Saphir;1.563;;2026-02-10 13:47
13594;Peau de Larve Émeraude;1.693;;2026-02-10 13:47
13595;Peau de Larve Rubis;1.831;;2026-02-10 13:47
13596;Peau de Larve Dorée;1.978;;2026-02-10 13:47
13697;Poils de Guerrier Koalak;1.778;1.0;2026-02-10 13:47
13698;Houpette de Koalak Sanguin;1.843;1.0;2026-02-10 13:47
13699;Foulard de Koalak Farouche;1.969;1.0;2026-02-10 13:47
13700;Couche usagée de Warko Violet;2.038;1.0;2026-02-10 13:47
13702;Dédicace de Skeunk pour Émeraude;2.304;1.0;2026-02-10 13:47
13703;Épingle à Cheveux de Saphira;2.304;1.0;2026-02-10 13:47
13704;Touffe de Poils de Rubise;2.304;1.0;2026-02-10 13:47
13705;Boomerang Abîmé de Diamantine;2.304;1.0;2026-02-10 13:47
13706;Journal Intime d'Émeraude;14.85;10.0;2026-02-10 13:47
13707;Shampooing au Kaliptus de Saphira;14.85;10.0;2026-02-10 13:47
13709;Place de Concert de Diamantine;14.85;10.0;2026-02-10 13:47
13713;Dent de Larve Saphir;0.263;;2026-02-10 13:47
13714;Dent de Larve Rubis;0.302;;2026-02-10 13:47
13715;Dent de Larve Dorée;0.33;;2026-02-10 13:47
13716;Bec de Vilain Petit Tofu;1.331;;2026-02-10 13:47
13717;Houpette de Vilain Petit Tofu;8.019;;2026-02-10 13:47
13718;Cendres de Tofutoflamme;1.483;;2026-02-10 13:47
13719;Plumeau de Tofuzmo;1.467;;2026-02-10 13:47
13720;Braise de Tofutoflamme;8.856;;2026-02-10 13:47
13721;Croupion de Tofuzmo;8.809;;2026-02-10 13:47
13722;Plume de Tofubine;1.508;;2026-02-10 13:47
13724;Patte de Tofu Dodu;1.585;;2026-02-10 13:47
13725;Aile Atrophiée de Tofu Dodu;9.515;;2026-02-10 13:47
13726;Conque Marine;0.096;;2026-02-10 13:47
13727;Crème à bronzer;0.096;;2026-02-10 13:47
13728;Paupière d'Étoile;0.272;;2026-02-10 13:47
13729;Papier Charbon;0.223;;2026-02-10 13:47
13730;Graine de la Discorde;0.207;0.125;2026-02-10 13:47
13731;Pierre Médicinale;0.711;0.2;2026-02-10 13:47
13732;Vieille Ventouse de Kralamoure;1.778;0.5;2026-02-10 13:47
13733;Boulier Zoth;2.924;0.5;2026-02-10 13:47
13736;Furoncle de la Mama Bwork;9.052;5.0;2026-02-10 13:47
13737;String en Cuir de la Mama Bwork;54.183;54.0;2026-02-10 13:47
13738;Bandeau troué de Feu;9.154;5.0;2026-02-10 13:47
13739;Caleçon Rouge;54.798;55.0;2026-02-10 13:47
13740;Bandeau troué de Terre;9.154;5.0;2026-02-10 13:47
13741;Caleçon Brun;54.798;55.0;2026-02-10 13:47
13742;Bandeau troué d'Eau;9.154;5.0;2026-02-10 13:47
13743;Caleçon Bleu;54.798;55.0;2026-02-10 13:47
13744;Bandeau troué d'Air;9.154;5.0;2026-02-10 13:47
13745;Caleçon Blanc;54.798;55.0;2026-02-10 13:47
13746;Boulon de Cybwork;9.571;5.0;2026-02-10 13:47
13747;Caleçon de Cybwork;57.29;58.0;2026-02-10 13:47
13914;Culotte de Harrogant;101.25;68.0;2026-02-10 13:47
13915;Cuir de Grodruche;16.875;9.0;2026-02-10 13:47
13916;Étoffe de Grodruche;101.25;92.0;2026-02-10 13:47
13917;Cervelle de Peunch;101.25;92.0;2026-02-10 13:47
13918;Cuir de Peunch;16.875;9.0;2026-02-10 13:47
13919;Cuir d'Empaillé;16.875;9.0;2026-02-10 13:47
13921;Cuir de Cuirboule;16.875;9.0;2026-02-10 13:47
13922;Dent de Cuirboule;101.25;92.0;2026-02-10 13:47
13923;Moustache de Klime;84.375;34.0;2026-02-10 13:47
13924;Scalp de Klime;506.25;338.0;2026-02-10 13:47
13925;Sang de Ventrublion;16.875;9.0;2026-02-10 13:47
13926;Molaire de Ventrublion;101.25;92.0;2026-02-10 13:47
13927;Incisive de Stalak;16.875;9.0;2026-02-10 13:47
13928;Ethmoïde de Stalak;101.25;92.0;2026-02-10 13:47
13929;Sang de Karkanik;16.875;9.0;2026-02-10 13:47
13930;Malleus de Karkanik;101.25;92.0;2026-02-10 13:47
13931;Incus de Verglasseur;16.875;9.0;2026-02-10 13:47
13932;Cervelle de Verglasseur;101.25;92.0;2026-02-10 13:47
13933;Stapes de Frimar;16.875;9.0;2026-02-10 13:47
13934;Moustache de Frimar;101.25;92.0;2026-02-10 13:47
13935;Poil d'aisselle de Missiz Frizz;84.375;34.0;2026-02-10 13:47
13936;Culotte de Missiz Frizz;506.25;338.0;2026-02-10 13:47
13937;Bave de Nessil;16.875;9.0;2026-02-10 13:47
13938;Molaire de Nessil;101.25;92.0;2026-02-10 13:47
13939;Canine de Krakal;16.875;9.0;2026-02-10 13:47
13940;Crinière de Krakal;101.25;92.0;2026-02-10 13:47
13941;Plume de Dodox;16.875;9.0;2026-02-10 13:47
13942;Bec de Dodox;101.25;92.0;2026-02-10 13:47
13943;Patte de Termystique;16.875;9.0;2026-02-10 13:47
13944;Carapace de Termystique;101.25;92.0;2026-02-10 13:47
13945;Bractée de Drosérâle;16.875;;2026-02-10 13:47
13946;Sépale de Drosérâle;101.25;92.0;2026-02-10 13:47
13947;Broderie de Nileza;84.375;;2026-02-10 13:47
13948;Braguette de Nileza;506.25;338.0;2026-02-10 13:47
13949;Canine de Kanimate;16.875;9.0;2026-02-10 13:47
13950;Griffe de Kanimate;101.25;92.0;2026-02-10 13:47
13971;Maxillaire de Brikoglours;16.875;9.0;2026-02-10 13:47
13972;Queue de Brikoglours;101.25;92.0;2026-02-10 13:47
13973;Bec de Mansordide;16.875;9.0;2026-02-10 13:47
13974;Sternum de Mansordide;101.25;92.0;2026-02-10 13:47
13975;Astragale de Mécanofoux;16.875;9.0;2026-02-10 13:47
13976;Oreille de Mécanofoux;101.25;92.0;2026-02-10 13:47
13977;Volve de Mérulor;16.875;9.0;2026-02-10 13:47
13978;Pédoncule de Mérulor;101.25;92.0;2026-02-10 13:47
13980;Cuir Onique;600.0;300.0;2026-02-10 13:47
13981;Alliage Ivre;750.0;375.0;2026-02-10 13:47
13982;Laine de Sylargh;84.375;34.0;2026-02-10 13:47
13983;Incisive de Sylargh;506.25;338.0;2026-02-10 13:47
13984;Plume de Granduk;16.875;9.0;2026-02-10 13:47
13985;Bec de Granduk;101.25;92.0;2026-02-10 13:47
13986;Griffe de Strigide;16.875;9.0;2026-02-10 13:47
13987;Bec de Strigide;101.25;92.0;2026-02-10 13:47
13989;Plume de Cycloïde;101.25;92.0;2026-02-10 13:47
13990;Aile de Sinistrofu;16.875;9.0;2026-02-10 13:47
13991;Queue de Sinistrofu;101.25;92.0;2026-02-10 13:47
13992;Aile de Nocturlabe;16.875;9.0;2026-02-10 13:47
13993;Pic du Nocturlabe;101.25;92.0;2026-02-10 13:47
13994;Scapula du Comte Harebourg;84.375;34.0;2026-02-10 13:47
13995;Bandelette du Comte Harebourg;506.25;338.0;2026-02-10 13:47
14043;Clef de la Forgefroide de Missiz Frizz;254.724;;2026-02-10 13:47
14044;Clef du Transporteur de Sylargh;254.724;;2026-02-10 13:47
14045;Clef des Salons privés de Klime;254.724;;2026-02-10 13:47
14046;Clef du Laboratoire de Nileza;254.724;;2026-02-10 13:47
14047;Clef du Donjon du Comte Harebourg;254.724;;2026-02-10 13:47
14141;Racine cristalline;400.0;200.0;2026-02-10 13:47
14142;Boulon neuf;400.0;200.0;2026-02-10 13:47
14143;Fermeture éclair;400.0;200.0;2026-02-10 13:47
14144;Mycoses gelées;400.0;200.0;2026-02-10 13:47
14263;Écaille de Grozilla;6.25;2.0;2026-02-10 13:47
14264;Fausse dent de Grozilla;36.765;25.0;2026-02-10 13:47
14265;Écaille de Grasmera;7.292;2.0;2026-02-10 13:47
14266;Poche de charbon de Grasmera;43.46;22.0;2026-02-10 13:47
14267;Pointe osseuse de Grasmera;84.375;34.0;2026-02-10 13:47
14268;Poche de magma de Grasmera;496.324;338.0;2026-02-10 13:47
14278;Chaînes Brisées;0.26;0.166666667;2026-02-10 13:47
14279;Pierre Précieuse Zoth;2.652;0.5;2026-02-10 13:47
14280;Pic de Dragodinde Dorée;0.659;0.5;2026-02-10 13:47
14282;Boules de Kanniboul;2.683;1.0;2026-02-10 13:47
14284;Flamme Spectrale;0.492;;2026-02-10 13:47
14457;Patte de Black Wabbit;0.319;;2026-02-10 13:47
14458;Queue de Black Wabbit;2.033;;2026-02-10 13:47
14459;Moustaches de Tiwabbit;0.263;;2026-02-10 13:47
14460;Branche de Tiwabbit Kiafin;0.249;;2026-02-10 13:47
14462;Os de Wabbit Squelette;0.341;;2026-02-10 13:47
14463;Crâne de Wabbit Squelette;2.054;;2026-02-10 13:47
14464;Clef du Château du Wa Wabbit;20.688;;2026-02-10 13:47
14465;Clef du Terrier du Wa Wabbit;8.117;;2026-02-10 13:47
14466;Bandeau de Black Wabbit Squelette;0.371;;2026-02-10 13:47
14467;Osselet de Black Wabbit Squelette;2.212;;2026-02-10 13:47
14468;Barbe du Wa Wobot;4.207;;2026-02-10 13:47
14469;Estomac de Black Wo Wabbit;0.841;;2026-02-10 13:47
14470;Poil de Wobot Kiafin;0.841;;2026-02-10 13:47
14471;Casque de Wobot;0.841;;2026-02-10 13:47
14472;Bâton de Blanc Pa Wabbit;0.841;;2026-02-10 13:47
14473;Boulon Wabbit;5.074;;2026-02-10 13:47
14474;Sang de Wabbit Garou;2.403;;2026-02-10 13:47
14475;Feuille de Cawotman;2.403;;2026-02-10 13:47
14476;Oreilles de Wabbit Fluo;2.403;;2026-02-10 13:47
14477;Dents de Wabbit Vampire;2.403;;2026-02-10 13:47
14479;Cawotte Transgénique;14.327;;2026-02-10 13:47
14490;Lunettes de Tiwobot;0.841;;2026-02-10 13:47
14509;Oreille de Bouledogre;7.426;8.0;2026-02-10 13:47
14510;Patte de Bouledogre;1.236;1.0;2026-02-10 13:47
14511;Élastique de Gobvious;7.627;8.0;2026-02-10 13:47
14512;Plume de Gobvious;1.262;1.0;2026-02-10 13:47
14513;Échasse de Molette;7.833;;2026-02-10 13:47
14514;Dent de Molette;1.323;1.0;2026-02-10 13:47
14515;Corne de Rhinoféroce;8.043;8.0;2026-02-10 13:47
14516;Oreille de Rhinoféroce;1.349;1.0;2026-02-10 13:47
14517;Slip troué de Dramak;43.46;29.0;2026-02-10 13:47
14518;Chaussette trouée de Dramak;7.292;3.0;2026-02-10 13:47
14560;Clef du Théâtre de Dramak;21.134;;2026-02-10 13:47
14635;Pépite;1.0;1.25;2026-02-10 13:47
14645;Essence du Tournesol Affamé;4.154;;2026-02-10 13:47
14646;Essence de Mob l'Éponge;2.348;;2026-02-10 13:47
14647;Essence du Bouftou Royal;9.683;;2026-02-10 13:47
14648;Essence du Scarabosse Doré;14.217;;2026-02-10 13:47
14649;Essence de Batofu;6.176;;2026-02-10 13:47
14650;Essence de Boostache;14.217;;2026-02-10 13:47
14652;Essence de la Bworkette;20.806;;2026-02-10 13:47
14653;Essence des Forgerons;8.036;;2026-02-10 13:47
14654;Essence de la Shin Larve;23.368;;2026-02-10 13:47
14655;Essence du Corailleur Magistral;23.368;;2026-02-10 13:47
14656;Essence de Damadrya;40.213;;2026-02-10 13:47
14657;Essence du Wa Wabbit;33.494;;2026-02-10 13:47
14658;Essence du Blop Royal;81.601;;2026-02-10 13:47
14659;Essence de la Gelée Royale;13.369;;2026-02-10 13:47
14660;Essence de Nelween;46.807;;2026-02-10 13:47
14661;Essence de Gourlo le Terrible;46.807;;2026-02-10 13:47
14662;Essence du Craqueleur Légendaire;39.22;;2026-02-10 13:47
14663;Essence de Nagate;86.519;;2026-02-10 13:47
14664;Essence du Wa Wobot;25.244;;2026-02-10 13:47
14665;Essence de l'Abraknyde Ancestral;65.294;;2026-02-10 13:47
14666;Essence du Dragon Cochon;98.438;;2026-02-10 13:47
14667;Essence du Koulosse;81.908;;2026-02-10 13:47
14668;Essence du Meulou;81.908;;2026-02-10 13:47
14669;Essence de Moon;81.908;;2026-02-10 13:47
14670;Essence de Dramak;108.94;;2026-02-10 13:47
14671;Essence du Rasboul Majeur;130.1;;2026-02-10 13:47
14672;Essence du Maître Corbac;98.824;;2026-02-10 13:47
14673;Essence du Rat Blanc;43.954;;2026-02-10 13:47
14674;Essence du Rat Noir;64.068;;2026-02-10 13:47
14675;Essence du Blop Multicolore Royal;122.448;;2026-02-10 13:47
14676;Essence du Minotoror;156.573;;2026-02-10 13:47
14677;Essence du Royalmouth;178.729;;2026-02-10 13:47
14678;Essence de Shihan et Hanshi;223.333;;2026-02-10 13:47
14679;Essence du Tofu Royal;177.28;;2026-02-10 13:47
14680;Essence de Crocabulia;122.448;;2026-02-10 13:47
14681;Essence de Skeunk;178.729;;2026-02-10 13:47
14682;Essence de Tanukouï San;90.0;;2026-02-10 13:47
14683;Essence de Founoroshi;111.667;;2026-02-10 13:47
14684;Essence du Chêne Mou;173.708;;2026-02-10 13:47
14685;Essence du Tynril;281.43;;2026-02-10 13:47
14686;Essence du Mansot Royal;281.43;;2026-02-10 13:47
14687;Essence de Ben le Ripate;357.24;;2026-02-10 13:47
14688;Essence de Sphincter Cell;357.24;;2026-02-10 13:47
14689;Essence du Kimbo;446.842;;2026-02-10 13:47
14690;Essence du Minotot;446.842;;2026-02-10 13:47
14691;Essence de l'Obsidiantre;446.842;;2026-02-10 13:47
14692;Essence du Tengu Givrefoux;572.383;;2026-02-10 13:47
14693;Essence du Korriandre;724.713;;2026-02-10 13:47
14694;Essence du Kralamoure Géant;693.376;;2026-02-10 13:47
14695;Essence du Bworker;724.713;;2026-02-10 13:47
14696;Essence d'Ougah;724.713;;2026-02-10 13:47
14697;Essence du Kolosso;928.5;;2026-02-10 13:47
14698;Essence de Fuji Givrefoux;928.5;;2026-02-10 13:47
14699;Essence de Grolloum;928.5;;2026-02-10 13:47
14700;Essence du Glourséleste;928.5;;2026-02-10 13:47
14701;Essence de Missiz Frizz;949.21875;;2025-01-01 00:00
14702;Essence de Sylargh;949.21875;;2025-01-01 00:00
14703;Essence de Klime;949.21875;;2025-01-01 00:00
14704;Essence de Nileza;949.21875;;2025-01-01 00:00
14705;Essence du Comte Harebourg;949.21875;;2025-01-01 00:00
14706;Essence de Merkator;949.21875;;2025-01-01 00:00
14720;Essence du Kwakwa;23.368;;2026-02-10 13:47
14774;Essence du Kanniboul Ebil;33.494;;2026-02-10 13:47
14795;Pile Steamer;16.875;;2026-02-10 13:47
14817;Pince de Krabouilleur;101.25;51.0;2026-02-10 13:47
14819;Carapace de Krabouilleur;16.875;5.0;2026-02-10 13:47
14822;Pic de Pikoleur;16.875;5.0;2026-02-10 13:47
14823;Huile de Pikoleur;101.25;51.0;2026-02-10 13:47
14859;Sang de Harpo;16.875;10.0;2026-02-10 13:47
14860;Cuir d'Eskoglyphe;16.875;3.0;2026-02-10 13:47
14861;Broderie d'Eskoglyphe;101.25;34.0;2026-02-10 13:47
14862;Barbe du Cyclophandre;16.875;5.0;2026-02-10 13:47
14863;Chaussette du Cyclophandre;101.25;51.0;2026-02-10 13:47
14864;Barbe de Merkator;84.375;34.0;2026-02-10 13:47
14868;Vieille Tête de Marteau;750.0;;2025-01-01 00:00
14870;Clef de l'Aquadôme de Merkator;254.724;;2026-02-10 13:47
14921;Étoffe Mystérieuse;100.0;;2026-02-10 13:47
14922;Masque du Vide;14.077;9.0;2026-02-10 13:47
14923;Masque de la Vengeance;14.077;9.0;2026-02-10 13:47
14924;Masque de la Violence;14.077;9.0;2026-02-10 13:47
14925;Masque de la Vivacité;14.077;9.0;2026-02-10 13:47
14926;Masque du Vice;14.077;9.0;2026-02-10 13:47
14927;Symbole des Obscuranti;82.931;44.0;2026-02-10 13:47
14928;Corne d'Ombre;61.0;38.0;2026-02-10 13:47
14935;Clef de la Pyramide d'Ombre;210.276;;2026-02-10 13:47
14936;Insigne des Justiciers;750.0;;2025-01-01 00:00
14944;Sueur Froide de Fantôme;0.272;;2026-02-10 13:47
14945;Vieille Partition;0.272;;2026-02-10 13:47
14946;Cuir de Porsalu;1.067;0.96;2026-02-10 13:47
14950;Langue de Kraméléhon;12.684;;2026-02-10 13:47
14951;Corne de Scaratos;8.809;12.0;2026-02-10 13:47
14952;Pierre de Serpiplume;12.003;8.0;2026-02-10 13:47
14975;Essence d'Ombre;366.0;;2026-02-10 13:47
14977;Bitte d'amarrage;750.0;;2025-01-01 00:00
15039;Poils de Kanigroula;29.659;;2026-02-10 13:47
15040;Queue de Kanigroula;179.258;;2026-02-10 13:47
15041;Tignasse de Kanihilan;5.645;;2026-02-10 13:47
15042;Peau de Kanihilan;34.115;;2026-02-10 13:47
15043;Cheveux d'Alhyène;5.645;;2026-02-10 13:47
15044;Frimousse d'Alhyène;34.115;;2026-02-10 13:47
15045;Griffe de Félygiène;5.504;;2026-02-10 13:47
15046;Canine de Félygiène;32.548;;2026-02-10 13:47
15047;Chaîne de Panthègros;5.504;;2026-02-10 13:47
15048;Boule de Panthègros;32.548;;2026-02-10 13:47
15049;Oreille de Kaniblou;5.574;;2026-02-10 13:47
15050;Étoffe de Kaniblou;33.322;;2026-02-10 13:47
15051;Crinière d'Orfélin;5.574;;2026-02-10 13:47
15052;Boucle d'Orfélin;33.322;;2026-02-10 13:47
15065;Paire de boules de Haute Truche;15.0;;2026-02-10 13:47
15067;Patte de Gruche;2.652;;2026-02-10 13:47
15068;Aile de Gruche;15.893;;2026-02-10 13:47
15069;Croupion de Truchmuche;2.611;;2026-02-10 13:47
15070;Langue de Truchmuche;15.513;;2026-02-10 13:47
15071;Plume de Truchideur;2.483;;2026-02-10 13:47
15072;Morpion de Truchideur;15.142;;2026-02-10 13:47
15074;Glandes de Truchtine;14.779;;2026-02-10 13:47
15075;Duvet de Truchon;2.404;;2026-02-10 13:47
15076;Bec de Truchon;14.424;;2026-02-10 13:47
15093;Clef de la Grotte de Kanigroula;86.699;;2026-02-10 13:47
15095;Essence de Kanigroula;446.842;;2026-02-10 13:47
15162;Clef de la Volière de la Haute Truche;40.938;;2026-02-10 13:47
15164;Broderie de Malléfisk;7.292;4.0;2026-02-10 13:47
15165;Corde de Boursoin;1.458;1.0;2026-02-10 13:47
15166;Langue de Mimikado;1.458;1.0;2026-02-10 13:47
15167;Antenne de Trésantène;1.458;1.0;2026-02-10 13:47
15168;Corne de Berserkoffre;1.458;1.0;2026-02-10 13:47
15169;Moustache précieuse;1.458;1.0;2026-02-10 13:47
15170;Défense du Phossile;23.958;14.0;2026-02-10 13:47
15171;Griffe de Phorrêveur;4.792;3.0;2026-02-10 13:47
15172;Peau de Métaphorreur;4.792;3.0;2026-02-10 13:47
15173;Corne de Père Phorreur;4.792;3.0;2026-02-10 13:47
15175;Queue de Mère Veilleuse;4.792;3.0;2026-02-10 13:47
15176;Joyau de la couronne du roi Nidas;84.375;51.0;2026-02-10 13:47
15177;Corne de Kamasterisk;17.868;;2026-02-10 13:47
15178;Sourcil de Barbétoal;16.875;5.0;2026-02-10 13:47
15179;Dent de Lévitrof;16.875;5.0;2026-02-10 13:47
15180;Morceau de clef de Paspartou;16.875;5.0;2026-02-10 13:47
15181;Boule en or de Piloztère;16.875;10.0;2026-02-10 13:47
15182;Kamatrix;24.846;2.0;2026-02-10 13:47
15219;Trame Dimensionnelle;75.0;;2026-02-10 13:47
15263;Rose des sables;;1.25;2025-01-01 00:00
15272;Essence du Roi Nidas;506.25;;2026-02-10 13:47
15273;Essence de Malléfisk;43.75;;2026-02-10 13:47
15274;Essence du Phossile;143.75;;2026-02-10 13:47
15278;Clef de la Fabrique de Malléfisk;18.85;;2026-02-10 13:47
15279;Clef de la Galerie du Phossile;59.63;;2026-02-10 13:47
15280;Clef du Palais du roi Nidas;206.693;;2026-02-10 13:47
15362;Essence de la Haute Truche;224.814;;2026-02-10 13:47
15444;Tête de mort;21.22;2.0;2026-02-10 13:47
15445;Broderie de la Reine des Voleurs;84.375;51.0;2026-02-10 13:47
15446;Piège désamorcé de Mâchassin;16.875;5.0;2026-02-10 13:47
15447;Mèche de bombe de Terristocrate;17.868;5.0;2026-02-10 13:47
15448;Chouchou de Doublure;17.868;5.0;2026-02-10 13:47
15449;Épaulière de Bourôliste;16.875;;2026-02-10 13:47
15450;Crâne magique de Magouille;16.875;10.0;2026-02-10 13:47
15451;Sang du Toxoliath;48.382;29.0;2026-02-10 13:47
15452;Patte de Scoliopode;9.676;6.0;2026-02-10 13:47
15453;Aile de Puceronde;9.676;6.0;2026-02-10 13:47
15454;Pince de Lucrane;10.613;6.0;2026-02-10 13:47
15455;Venin d'Éperfide;10.613;6.0;2026-02-10 13:47
15456;Dard de Morfrelon;9.676;6.0;2026-02-10 13:47
15458;Foulard de Milimaître;3.0;2.0;2026-02-10 13:47
15459;Sacoche de Kartouche;3.283;2.0;2026-02-10 13:47
15460;Os de Sramouraï;3.0;2.0;2026-02-10 13:47
15461;Bandelette de Tromblion;3.0;2.0;2026-02-10 13:47
15462;Slip d'Elsoummo;3.0;2.0;2026-02-10 13:47
15475;Clef du Trône de la Cour Sombre;209.671;;2026-02-10 13:47
15476;Clef de la Cave du Toxoliath;123.986;;2026-02-10 13:47
15477;Clef du Ring du Capitaine Ekarlatte;47.198;;2026-02-10 13:47
15478;Culotte de Frakacia;30.0;;2026-02-10 13:47
15485;Sporme de Dremoan;750.0;;2026-02-10 13:47
15531;Crochet rouillé;72.5;;2026-02-10 13:47
15533;Rossignol;111.382;;2026-02-10 13:47
15551;Bouteille de Gein;750.0;;2025-01-01 00:00
15685;Patte de Tabacille;16.875;7.0;2026-02-10 13:47
15686;Antenne de Bacterrib;16.875;7.0;2026-02-10 13:47
15687;Coquille de Virustine;16.875;7.0;2026-02-10 13:47
15688;Peau de Pataugerme;3.616;2.0;2026-02-10 13:47
15689;Noyau de Protozorreur;84.375;34.0;2026-02-10 13:47
15690;Clef du Ventre de la Baleine;254.724;;2026-02-10 13:47
15691;Sel de Baleine;101.25;34.0;2026-02-10 13:47
15702;Essence du Capitaine Ekarlatte;90.0;;2026-02-10 13:47
15703;Essence du Toxoliath;290.294;;2026-02-10 13:47
15704;Essence de la Reine des Voleurs;506.25;;2026-02-10 13:47
15705;Essence du Protozorreur;506.25;;2026-02-10 13:47
15715;Aile de Vortex;84.375;51.0;2026-02-10 13:47
15716;Serre d'Ikargn;20.25;12.0;2026-02-10 13:47
15717;Corne de Méjaire;20.25;12.0;2026-02-10 13:47
15719;Griffe de Buboxor;20.25;12.0;2026-02-10 13:47
15720;Plume de Brabuzar;16.875;10.0;2026-02-10 13:47
15721;Corne de XLII;38.684;23.0;2026-02-10 13:47
15722;Dent de Trezz;9.284;6.0;2026-02-10 13:47
15723;Peau de Vindeux;9.284;6.0;2026-02-10 13:47
15724;Pagne de Trantroa;9.284;6.0;2026-02-10 13:47
15725;Barbe de Seith;9.284;6.0;2026-02-10 13:47
15726;Touffe de cheveux de Soissanth;7.737;5.0;2026-02-10 13:47
15727;Pixel de Fraktale;12.016;7.0;2026-02-10 13:47
15728;Pixel de Gromorso;2.884;2.0;2026-02-10 13:47
15729;Pixel de Farfacette;2.884;2.0;2026-02-10 13:47
15730;Pixel de Brikablak;2.884;2.0;2026-02-10 13:47
15731;Pixel d'Éklatleth;2.884;2.0;2026-02-10 13:47
15732;Pixel de Segmantid;2.403;1.0;2026-02-10 13:47
15733;Sablier miniature;27.686;3.0;2026-02-10 13:47
15734;Essence de Vortex;506.25;;2026-02-10 13:47
15735;Essence de XLII;232.105;;2026-02-10 13:47
15736;Essence de Fraktale;72.097;;2026-02-10 13:47
15793;Gland de Fouduglen;15.0;;2026-02-10 13:47
15806;Clef du Mégalithe de Fraktale;36.136;;2026-02-10 13:47
15807;Clef de l'Horologium de XLII;113.781;;2026-02-10 13:47
15991;Clef de la Cache de Kankreblath;3.366;;2026-02-10 13:47
16001;Antennes de Vilinsekt;0.176;;2026-02-10 13:47
16002;Patte de Kankreblath;1.029;;2026-02-10 13:47
16008;Batterie rechargeable de l'Hyperscampe;750.0;;2025-01-01 00:00
16009;Élixir de Brumen;100.0;;2026-02-10 13:47
16148;Poil d'Abrakne;0.272;0.083333333;2026-02-10 13:47
16150;Racine d'Abraknyde Vénérable;0.862;0.5;2026-02-10 13:47
16151;Écorce d'Abraknyde Vénérable;5.227;;2026-02-10 13:47
16152;Masque Brisé d'Araknotron;0.926;0.5;2026-02-10 13:47
16153;Arakne Écrabouillée;5.54;;2026-02-10 13:47
16154;Écorce d'Abrakne Sombre;1.039;0.5;2026-02-10 13:47
16155;Toile d'Abrakne Sombre;6.208;6.0;2026-02-10 13:47
16156;Ambre d'Abraknyde Sombre Irascible;11.918;18.0;2026-02-10 13:47
16157;Masque Cassé d'Araknotron Irascible;2.0;1.0;2026-02-10 13:47
16158;Arakne Irascible Écrasée;11.983;19.0;2026-02-10 13:47
16159;Patte d'Abrakne Irascible;2.121;2.0;2026-02-10 13:47
16160;Mandibule d'Abrakne Irascible;12.781;20.0;2026-02-10 13:47
16161;Doigt de Branche Invocatrice;2.246;2.0;2026-02-10 13:47
16165;Lamelle de Champa Bleu;0.202;;2026-02-10 13:47
16166;Lamelle de Champa Marron;0.202;;2026-02-10 13:47
16167;Lamelle de Champa Rouge;0.202;;2026-02-10 13:47
16168;Lamelle de Champa Vert;0.202;;2026-02-10 13:47
16179;Clef de l'Antre de la Reine Nyée;17.275;;2026-02-10 13:47
16180;Soie Baveuse;5.513;;2026-02-10 13:47
16181;Globule de Nyée;33.385;;2026-02-10 13:47
16207;Sceau Sylvestre;430.0;;2026-02-10 13:47
16208;Fragment de Rubis Fertile;500.0;;2026-02-10 13:47
16211;Bourgeon explosif de Damadrya;6.702;;2026-02-10 13:47
16212;Substrat de Fourré;19.725;;2026-02-10 13:47
16215;Glande d'Arak-haï;6.169;;2026-02-10 13:47
16216;Chélicères d'Arapex;1.039;;2026-02-10 13:47
16217;Laine de Dardalaine;1.039;;2026-02-10 13:47
16218;Dent de Gargantûl;1.039;;2026-02-10 13:47
16219;Fil de Néfileuse;1.039;;2026-02-10 13:47
16285;Essence de Kankreblath;6.176;;2026-02-10 13:47
16286;Essence de la Reine Nyée;83.154;;2026-02-10 13:47
16378;Ortie Roïde;3.0;;2026-02-10 13:47
16379;Sauge Divine au Rhum;5.0;;2026-02-10 13:47
16380;Trèfle Agare;7.0;;2026-02-10 13:47
16381;Menthe Religieuse;10.0;;2026-02-10 13:47
16382;Orchidée de Génie;12.0;;2026-02-10 13:47
16383;Edelweiss Marguerite;15.0;;2026-02-10 13:47
16384;Pandouille de Trois;17.0;;2026-02-10 13:47
16385;Ginseng;0.2;;2026-02-10 13:47
16386;Ginsengoku;20.0;;2026-02-10 13:47
16387;Belladone;0.22;;2026-02-10 13:47
16388;Belladonzelle;22.0;;2026-02-10 13:47
16389;Mandragore;0.25;;2026-02-10 13:47
16390;Mandragorgonzola;25.0;;2026-02-10 13:47
16419;Potion des Ancêtres;7.05;;2026-02-10 13:47
16420;Potion de Glandage;10.35;;2026-02-10 13:47
16440;Ferrite;0.45;;2026-02-10 13:47
16452;Riz Cola;15.0;;2026-02-10 13:47
16453;Malt Husse;17.0;;2026-02-10 13:47
16454;Maïs;0.22;;2026-02-10 13:47
16455;Maïssého;22.0;;2026-02-10 13:47
16456;Millet;0.25;;2026-02-10 13:47
16457;Millet Zime;25.0;;2026-02-10 13:47
16458;Substrat de Forêt primaire;32.4;;2026-02-10 13:47
16459;Substrat de Forêt vierge;42.0;;2026-02-10 13:47
16460;Substrat de Sylve;45.0;;2026-02-10 13:47
16461;Anguille;0.15;;2026-02-10 13:47
16462;Anguille Souroche;15.0;;2026-02-10 13:47
16463;Dorade Grise;0.16;;2026-02-10 13:47
16464;Daurade Royale;16.0;;2026-02-10 13:47
16465;Lotte;0.2;;2026-02-10 13:47
16466;Glotte;20.0;;2026-02-10 13:47
16467;Morue;0.24;;2026-02-10 13:47
16468;Morue Barbue;24.0;;2026-02-10 13:47
16469;Tanche;0.25;;2026-02-10 13:47
16470;Tanche Hantée;25.0;;2026-02-10 13:47
16471;Espadon;0.26;;2026-02-10 13:47
16472;Espadon Quichotte;305.0;;2026-02-10 13:47
16487;Bois Vermoulu;0.448;;2026-02-10 13:47
16488;Bois de Noisetier;0.19;;2026-02-10 13:47
16489;Planche Agglomérée;0.45;;2026-02-10 13:47
16490;Planche Contreplaquée;1.2;;2026-02-10 13:47
16491;Planche à Griller;2.25;;2026-02-10 13:47
16492;Planche de Surf;3.75;;2026-02-10 13:47
16493;Planche à Repasser;6.0;;2026-02-10 13:47
16494;Planche de Toilette;8.775;;2026-02-10 13:47
16495;Planche à Pâtisserie;12.225;;2026-02-10 13:47
16496;Planche de Gravure;14.625;;2026-02-10 13:47
16497;Planche à Pain;19.5;;2026-02-10 13:47
16498;Planche à Dessin;24.6;;2026-02-10 13:47
16499;Planche de Salut;27.6;;2026-02-10 13:47
16511;Laine Céleste;0.044;;2026-02-10 13:47
16512;Plume Chimérique;0.042;;2026-02-10 13:47
16513;Pétale Diaphane;0.043;;2026-02-10 13:47
16515;Queue de Chapardam;0.044;;2026-02-10 13:47
16518;Feu Intérieur;0.042;;2026-02-10 13:47
16522;Peau de Gloot;0.043;;2026-02-10 13:47
16524;Relique d'Incarnam;0.045;;2026-02-10 13:47
16525;Crâne de Kardorim;0.263;;2026-02-10 13:47
16526;Tête de Marteau en Jade;15.0;;2026-02-10 13:47
16663;Viande Intangible;0.043;;2026-02-10 13:47
16909;Sève de Frêne;3.0;;2026-02-10 13:47
16910;Sève de Châtaignier;5.0;;2026-02-10 13:47
16911;Sève de Noyer;7.0;;2026-02-10 13:47
16912;Sève de Chêne;10.0;;2026-02-10 13:47
16913;Sève de Bombu;11.0;;2026-02-10 13:47
16914;Sève d'Érable;12.0;;2026-02-10 13:47
16915;Sève d'Oliviolet;14.0;;2026-02-10 13:47
16916;Sève d'If;15.0;;2026-02-10 13:47
16917;Sève de Bambou;16.0;;2026-02-10 13:47
16918;Sève de Merisier;17.0;;2026-02-10 13:47
16919;Sève de Noisetier;19.0;;2026-02-10 13:47
16920;Sève d'Ébène;20.0;;2026-02-10 13:47
16921;Sève de Kaliptus;21.0;;2026-02-10 13:47
16922;Sève de Charme;22.0;;2026-02-10 13:47
16923;Sève de Bambou Sombre;24.0;;2026-02-10 13:47
16924;Sève d'Orme;25.0;;2026-02-10 13:47
16925;Sève de Bambou Sacré;26.0;;2026-02-10 13:47
16926;Sève de Tremble;27.0;;2026-02-10 13:47
17037;Essence de Kardorim;1.579;;2026-02-10 13:47
17060;Potion de Vieillesse;5.85;;2026-02-10 13:47
17065;Poupée Vaudou Tam;0.446;0.25;2026-02-10 13:47
17075;Canif Rouillé;1.103;0.5;2026-02-10 13:47
17112;Clef de l'Arbre de Moon;18.748;;2026-02-10 13:47
17113;Clef du Bateau du Chouque;18.038;;2026-02-10 13:47
17114;Poils de Zatoïshwan;550.0;;2026-02-10 13:47
17115;Scalp d'Anatak;620.0;;2026-02-10 13:47
17116;Épaulière Massive du K.O.;800.0;;2026-02-10 13:47
17117;Pied de Voldelor;750.0;;2025-01-01 00:00
17118;Peau du Grand Kongoku;750.0;;2025-01-01 00:00
17123;Viande Hachée;0.053;;2026-02-10 13:47
17124;Viande Faisandée;0.083;;2026-02-10 13:47
17125;Bidoche Faisandée;8.123;;2026-02-10 13:47
17126;Viande Frelatée;0.133;;2026-02-10 13:47
17127;Bidoche Frelatée;13.208;;2026-02-10 13:47
17128;Viande Minérale;0.208;;2026-02-10 13:47
17129;Bidoche Minérale;4.654;;2026-02-10 13:47
17130;Viande Tendre;0.31;;2026-02-10 13:47
17131;Bidoche Tendre;30.296;;2026-02-10 13:47
17132;Viande Ladre;0.446;;2026-02-10 13:47
17133;Bidoche Ladre;44.76;;2026-02-10 13:47
17134;Viande Avariée;0.641;;2026-02-10 13:47
17135;Bidoche Avariée;62.212;;2026-02-10 13:47
17136;Viande Sanguinolente;0.834;;2026-02-10 13:47
17137;Bidoche Sanguinolente;84.146;;2026-02-10 13:47
17138;Viande Rassie;1.103;;2026-02-10 13:47
17139;Bidoche Rassie;100.28;;2026-02-10 13:47
17140;Viande Exsudative;1.424;;2026-02-10 13:47
17141;Bidoche Exsudative;29.006;;2026-02-10 13:47
17142;Viande Séchée;1.846;;2026-02-10 13:47
17143;Bidoche Séchée;58.834;;2026-02-10 13:47
17144;Viande Saignante;2.384;;2026-02-10 13:47
17145;Bidoche Saignante;237.261;;2026-02-10 13:47
17146;Viande Persillée;3.005;;2026-02-10 13:47
17147;Bidoche Persillée;301.444;;2026-02-10 13:47
17148;Viande Macérée;3.786;;2026-02-10 13:47
17149;Bidoche Macérée;377.82;;2026-02-10 13:47
17150;Viande de Brousse;4.929;;2026-02-10 13:47
17151;Bidoche de Brousse;475.207;;2026-02-10 13:47
17152;Viande Fraîche;6.085;;2026-02-10 13:47
17153;Bidoche Fraîche;119.725;;2026-02-10 13:47
17154;Viande Maigre;8.372;;2026-02-10 13:47
17155;Bidoche Maigre;797.18;;2026-02-10 13:47
17156;Viande Gâtée;9.676;;2026-02-10 13:47
17157;Bidoche Gâtée;967.647;;2026-02-10 13:47
17158;Viande Noire;12.774;;2026-02-10 13:47
17159;Bidoche Noire;940.06845;;2025-01-01 00:00
17160;Viande Goûtue;17.003;;2026-02-10 13:47
17161;Bidoche Goûtue;1181.15985;;2025-01-01 00:00
17272;Orbe régénérant mineur;15.0;;2026-02-10 13:47
17273;Orbe régénérant;150.0;;2026-02-10 13:47
17274;Orbe régénérant majeur;450.0;;2026-02-10 13:47
17275;Orbe régénérant magistral;750.0;;2026-02-10 13:47
17414;Essence du Chouque;83.154;;2026-02-10 13:47
17421;Bidoche Intangible;26.316;;2026-02-10 13:47
17442;Pointes de Knout;132.417;;2026-02-10 13:47
17443;Manche de Knout;97.5;;2026-02-10 13:47
17444;Lanières de knout;130.048;;2026-02-10 13:47
17563;Clef du Miausolée du Pounicheur;24.065;;2026-02-10 13:47
17564;Clef du Plateau de Ush;73.162;;2026-02-10 13:47
17567;Biscuit de chance;26.439;3.0;2026-02-10 13:47
17609;Patte de Pupuce;1.853;1.0;2026-02-10 13:47
17611;Palpe de Pikbul;1.853;1.0;2026-02-10 13:47
17612;Peau de Gériatique;1.853;1.0;2026-02-10 13:47
17613;Épine de Grath;1.853;1.0;2026-02-10 13:47
17614;Glande du Pounicheur;9.265;6.0;2026-02-10 13:47
17615;Queue de Chasquatch;5.932;4.0;2026-02-10 13:47
17616;Poil de Chacrebleu;5.932;4.0;2026-02-10 13:47
17617;Collier de Chakichan;5.932;4.0;2026-02-10 13:47
17618;Oreille de Chargus;5.932;4.0;2026-02-10 13:47
17619;Dent de Chakaroze;5.932;2.0;2026-02-10 13:47
17620;Moustache de Ush;29.659;18.0;2026-02-10 13:47
17621;Pique du Soldat;16.875;10.0;2026-02-10 13:47
17622;Plume du Cavalier;16.875;10.0;2026-02-10 13:47
17623;Gilet du Valet;16.875;10.0;2026-02-10 13:47
17624;Ceinture de la Dame;16.875;5.0;2026-02-10 13:47
17625;Sceau du Roi Joueur;16.875;10.0;2026-02-10 13:47
17736;Essence de Ush;177.955;;2026-02-10 13:47
17737;Essence du Pounicheur;55.588;;2026-02-10 13:47
17772;Clef du caveau du Roi Léorictus;125.801;;2026-02-10 13:47
17777;Clef du caveau du Prince Djamal;41.41;;2026-02-10 13:47
17780;Fleur de Korriandre;8.225;;2026-02-10 13:47
17781;Dissolvant Phosphorescent;97.065;;2026-02-10 13:47
17785;Clef du Temple Maudit;33.265;;2026-02-10 13:47
17850;Jus de poisson abominable;66.345;;2026-02-10 13:47
17851;Jus de poisson asphyxiant;157.441;;2026-02-10 13:47
17852;Jus de poisson pestilentiel;670.925;;2026-02-10 13:47
17853;Jus de poisson méphitique;894.712;;2026-02-10 13:47
17864;Ambre gris;160.0;;2026-02-10 13:47
17865;Marque des grands fonds;640.0;;2026-02-10 13:47
17866;Steamopompe;640.0;;2026-02-10 13:47
17867;Hélice en laiton;640.0;;2026-02-10 13:47
17868;Plombs de plongée;640.0;;2026-02-10 13:47
17869;Filtre à frousse;640.0;;2026-02-10 13:47
17870;Socle en coquillage;640.0;;2026-02-10 13:47
17963;Sceau des fondateurs;4310.1564;720.0;2025-01-01 00:00
17964;Volant hydraulique;3730.781475;576.0;2025-01-01 00:00
17965;Accélérateur de propulsion;4419.227925;720.0;2025-01-01 00:00
17966;Lest anti-tourbillon;3848.615475;584.0;2025-01-01 00:00
17967;Attrape-peur;4310.1564;720.0;2025-01-01 00:00
17968;Statuette de Snedon;3730.781475;579.0;2025-01-01 00:00
17970;Bave de Mol Usk;16.875;3.0;2026-02-10 13:47
17971;Pince de Crabe Yoloniste;16.875;3.0;2026-02-10 13:47
17972;Écaille de Gambaf;16.875;3.0;2026-02-10 13:47
17973;Queue de Mantaze;16.875;5.0;2026-02-10 13:47
17974;Parasite Aquatique;101.25;23.0;2026-02-10 13:47
17975;Lanterne de Tourthon;17.609;3.0;2026-02-10 13:47
17976;Poil de Meno;84.375;34.0;2026-02-10 13:47
17977;Encre de Poulpée;16.875;3.0;2026-02-10 13:47
17978;Trident de Tryde;18.08;3.0;2026-02-10 13:47
17979;Moustache de Rilur;16.875;5.0;2026-02-10 13:47
17980;Épine de Diondin;16.875;10.0;2026-02-10 13:47
17981;Peau de Trithon;111.724;24.0;2026-02-10 13:47
17982;Dentier de Dantinéa;84.375;34.0;2026-02-10 13:47
17983;Tentacule de Grofond;16.875;3.0;2026-02-10 13:47
17984;Tentacule de N'Yalg;16.875;3.0;2026-02-10 13:47
17985;Patte de Li-Fo;16.875;5.0;2026-02-10 13:47
17987;Flûte de Klûtiste;16.875;10.0;2026-02-10 13:47
17988;Pierre Angulaire;101.25;24.0;2026-02-10 13:47
17989;Aile de Larve de Koutoulou;84.375;34.0;2026-02-10 13:47
17990;Dent de Tilamproie;16.875;10.0;2026-02-10 13:47
17991;Bois d'Aquajou;10.0;;2026-02-10 13:47
17992;Salikrone;10.0;;2026-02-10 13:47
17993;Quisnoa;10.0;;2026-02-10 13:47
17994;Patelle;10.0;;2026-02-10 13:47
17995;Écume de mer;10.0;;2026-02-10 13:47
18066;Clef du Vaisseau du Capitaine Meno;226.875;;2026-02-10 13:47
18067;Clef du Palais de Dantinéa;232.692;;2026-02-10 13:47
18068;Clef du Temple de Koutoulou;226.875;;2026-02-10 13:47
18198;Gâtrool;2.251;;2026-02-10 13:47
18209;Gratrooll;2.251;;2026-02-10 13:47
18318;Soie chatoyante;;0.0;2025-01-01 00:00
18348;Flûte de Mastodonte;1.8;;2026-02-10 13:47
18357;Jus de Cacterre;17.975;9.0;2026-02-10 13:47
18358;Maraca de Lévito;3.0;2.0;2026-02-10 13:47
18359;Parchemin de Cactana;3.0;2.0;2026-02-10 13:47
18361;Fleur de Cactiflore;3.0;2.0;2026-02-10 13:47
18362;Moustaches de Cactoblongo;3.0;2.0;2026-02-10 13:47
18363;String de Pampactus;3.0;2.0;2026-02-10 13:47
18364;Étoile d'Or d'El Piko;89.876;60.0;2026-02-10 13:47
18366;Sable Fin;5.14;3.0;2026-02-10 13:47
18367;Boule de Boulépique;0.862;1.0;2026-02-10 13:47
18368;Écailles d'Ouroboulos;0.862;1.0;2026-02-10 13:47
18369;Queue de Scordion Bleu;0.862;1.0;2026-02-10 13:47
18370;Queue de Fennex;0.862;1.0;2026-02-10 13:47
18371;Carapace du Mantiscore;4.207;2.0;2026-02-10 13:47
18383;Picot d'El Piko;15.0;6.0;2026-02-10 13:47
18421;Clef du Cimetière des mastodontes;13.87;;2026-02-10 13:47
18422;Clef de la Caverne d'El Piko;47.114;;2026-02-10 13:47
18537;Fragment de Chakanoubis;16.875;10.0;2026-02-10 13:47
18538;Dent de Bandleth;16.875;10.0;2026-02-10 13:47
18539;Grenat de Momistik;16.875;10.0;2026-02-10 13:47
18540;Paupière Dorée de Rykaon;16.875;10.0;2026-02-10 13:47
18541;Oreille de Griffotep;16.875;10.0;2026-02-10 13:47
18542;Cheveux de Tal Kasha;84.375;34.0;2026-02-10 13:47
18543;Scarabée Chrysonéfritin;101.25;47.0;2026-02-10 13:47
18544;Clef de la Chambre de Tal Kasha;298.509;;2026-02-10 13:47
18552;Clef du Boyau du Père Ver;121.948;;2026-02-10 13:47
18562;Dent de Cycloporth;7.737;2.0;2026-02-10 13:47
18563;Langue de Morsquale;8.167;2.0;2026-02-10 13:47
18564;Patte de Masticroc;7.737;2.0;2026-02-10 13:47
18565;Peau de Trémorse;7.737;2.0;2026-02-10 13:47
18566;Pic de Pikténia;7.737;5.0;2026-02-10 13:47
18567;Carapace de Ver des Sables;47.559;14.0;2026-02-10 13:47
18719;Rune Do Per Mé;1.875;1.0;2025-01-01 00:00
18720;Rune Do Per Di;1.875;1.0;2025-01-01 00:00
18721;Rune Do Per Ar;1.875;1.0;2025-01-01 00:00
18722;Rune Do Per So;1.875;1.0;2025-01-01 00:00
18723;Rune Ré Per Mé;1.875;1.0;2025-01-01 00:00
18724;Rune Ré Per Di;1.875;1.0;2025-01-01 00:00
18729;Sang de Viandargh;12.2;8.0;2026-02-10 13:47
18730;Queue de Chevrotine;12.2;8.0;2026-02-10 13:47
18731;Bave de Brokouillon;12.2;8.0;2026-02-10 13:47
18732;Os de Nemroz;12.2;8.0;2026-02-10 13:47
18733;Flèche de Crâmbo;12.2;8.0;2026-02-10 13:47
18734;Poils du Comte Razof;61.0;25.0;2026-02-10 13:47
18735;Bouteille de Bouchonnois;75.0;35.0;2026-02-10 13:47
18736;Clef du Camp du Comte Razof;187.753;;2026-02-10 13:47
18741;Coffre de Pièges à Chasseur;3.191;;2026-02-10 13:47
18742;Breuvage Musculaire;5.36;;2026-02-10 13:47
18743;Implants Rustiques;33.637;;2026-02-10 13:47
19041;Clef du Chapiteau des Magik Riktus;16.955;;2026-02-10 13:47
19049;Clef du Manoir des Katrepat;298.509;;2026-02-10 13:47
19068;Pic d'Anerice;84.375;33.0;2026-02-10 13:47
19069;Ongle de Goulafre;16.875;10.0;2026-02-10 13:47
19070;Aile de Kérigoule;16.875;10.0;2026-02-10 13:47
19072;Poils de Goultime;16.875;10.0;2026-02-10 13:47
19073;Nez de Pipisteuse;16.875;10.0;2026-02-10 13:47
19074;Goulobule rouge;101.25;46.0;2026-02-10 13:47
19216;Clef du Belvédère d'Ilyzaelle;298.509;;2026-02-10 13:47
19232;Pince de Crâme;16.875;9.0;2026-02-10 13:47
19233;Brûlâme encapsulé;101.25;43.0;2026-02-10 13:47
19234;Cendres de Chause;16.875;9.0;2026-02-10 13:47
19235;Fragment d'Ectorche;16.875;9.0;2026-02-10 13:47
19236;Restes d'Esprigné;16.875;9.0;2026-02-10 13:47
19237;Plume d'Ilyzaelle;84.375;34.0;2026-02-10 13:47
19337;Rune Pa So;22.5;5.0;2026-02-10 13:47
19338;Rune Pa Ré Air;0.9;0.333333333;2026-02-10 13:47
19339;Rune Pa Ré Eau;0.9;0.333333333;2026-02-10 13:47
19340;Rune Pa Ré Feu;0.9;0.333333333;2026-02-10 13:47
19341;Rune Pa Ré Neutre;0.9;0.333333333;2026-02-10 13:47
19342;Rune Pa Ré Terre;0.9;0.333333333;2026-02-10 13:47
19399;Dent de Klémort;16.875;10.0;2026-02-10 13:47
19400;Vertèbre de Trépavois;16.875;10.0;2026-02-10 13:47
19401;Langue de Hacharné;18.409;10.0;2026-02-10 13:47
19402;Grenade de Moribombe;16.875;10.0;2026-02-10 13:47
19404;Cervelle de Solar;62.953;33.0;2026-02-10 13:47
19405;Sang de Calciné;73.885;46.0;2026-02-10 13:47
19406;Chair de Zombruth;16.875;10.0;2026-02-10 13:47
19407;Pointe de Lance de Tournoyé;16.875;10.0;2026-02-10 13:47
19408;Protection de Funespadon;16.875;10.0;2026-02-10 13:47
19409;Aquarakne de Crânonier;16.875;10.0;2026-02-10 13:47
19410;Bout d'Armure de Macrab;16.875;10.0;2026-02-10 13:47
19411;Queue de Bethel Akarna;84.375;34.0;2026-02-10 13:47
19412;Coquille de Submergé;101.25;47.0;2026-02-10 13:47
19514;Clef de la Tour de Solar;303.111;;2026-02-10 13:47
19515;Clef de la Tour de Bethel;298.509;;2026-02-10 13:47
19905;Essence du Mantiscore;63.073;;2026-02-10 13:47
19906;Essence de Bethel Akarna;506.25;;2026-02-10 13:47
19907;Essence de Solar;377.72;;2026-02-10 13:47
19908;Essence de Meno;506.25;;2026-02-10 13:47
19909;Essence d'Ilyzaelle;506.25;;2026-02-10 13:47
19910;Essence de Dantinéa;506.25;;2026-02-10 13:47
19911;Essence de la Larve de Koutoulou;506.25;;2026-02-10 13:47
19912;Essence d'Anerice la Shushess;506.25;;2026-02-10 13:47
19913;Essence du Comte Razof;366.0;;2026-02-10 13:47
19914;Essence de Dazak Martegel;506.25;;2026-02-10 13:47
19915;Essence d'El Piko;224.814;;2026-02-10 13:47
19916;Essence de Tal Kasha;506.25;;2026-02-10 13:47
19921;Essence de Choudini;33.077;;2026-02-10 13:47
19938;Essence du Père Ver;232.105;;2026-02-10 13:47
19963;Clef de la Brasserie du roi Dazak;254.724;;2026-02-10 13:47
19968;Chope de Bière;101.25;43.0;2026-02-10 13:47
19969;Épaulière de Dazak Martegel;84.375;;2026-02-10 13:47
19970;Armure de Tanklume;16.875;9.0;2026-02-10 13:47
19971;Fronde de Boufbos;16.875;9.0;2026-02-10 13:47
19972;Poils de barbe de Barbélier;16.875;9.0;2026-02-10 13:47
19973;Jambière de Kasrok;16.875;9.0;2026-02-10 13:47
19974;Dent de Vatenbière;16.875;9.0;2026-02-10 13:47
20452;Andésite;4.0;;2026-02-10 13:47
20492;Rune Ta Ine;0.675;;2026-02-10 13:47
20556;Rune Pata Ine;0.675;;2026-02-10 13:47
20557;Rune Rata Ine;0.675;;2026-02-10 13:47
20558;Rune Ta Fo;0.675;;2026-02-10 13:47
20559;Rune Pata Fo;0.675;;2026-02-10 13:47
20560;Rune Rata Fo;0.675;;2026-02-10 13:47
20561;Rune Ta Age;0.675;;2026-02-10 13:47
20562;Rune Pata Age;0.675;;2026-02-10 13:47
20563;Rune Rata Age;0.675;;2026-02-10 13:47
20564;Rune Ta Cha;0.675;;2026-02-10 13:47
20565;Rune Pata Cha;0.675;;2026-02-10 13:47
20566;Rune Rata Cha;0.675;;2026-02-10 13:47
20567;Rune Ta Vi;0.675;;2026-02-10 13:47
20568;Rune Pata Vi;0.675;;2026-02-10 13:47
20569;Rune Rata Vi;0.675;;2026-02-10 13:47
20570;Rune Ta Ini;1.35;;2026-02-10 13:47
20571;Rune Pata Ini;1.35;;2026-02-10 13:47
20572;Rune Rata Ini;1.35;;2026-02-10 13:47
20573;Rune Ta Pod;1.35;;2026-02-10 13:47
20574;Rune Pata Pod;1.35;;2026-02-10 13:47
20575;Rune Rata Pod;1.35;;2026-02-10 13:47
20576;Rune Ta Pui;2.7;;2026-02-10 13:47
20577;Rune Pata Pui;2.7;;2026-02-10 13:47
20578;Rune Rata Pui;2.7;;2026-02-10 13:47
20579;Rune Ta Ré Pou;0.9;;2026-02-10 13:47
20580;Rune Pata Ré Pou;0.9;;2026-02-10 13:47
20581;Rune Ta Ré Cri;0.9;;2026-02-10 13:47
20582;Rune Pata Ré Cri;0.9;;2026-02-10 13:47
20583;Rune Ta Do Pou;5.625;;2026-02-10 13:47
20584;Rune Pata Do Pou;5.625;;2026-02-10 13:47
20585;Rune Ta Do Cri;5.625;;2026-02-10 13:47
20586;Rune Pata Do Cri;5.625;;2026-02-10 13:47
20596;Rune Ta Do Terre;5.625;;2026-02-10 13:47
20597;Rune Pata Do Terre;5.625;;2026-02-10 13:47
20598;Rune Rata Do Terre;5.625;;2026-02-10 13:47
20599;Rune Ta Do Feu;5.625;;2026-02-10 13:47
20600;Rune Pata Do Feu;5.625;;2026-02-10 13:47
20601;Rune Rata Do Feu;5.625;;2026-02-10 13:47
20602;Rune Ta Do Eau;5.625;;2026-02-10 13:47
20603;Rune Pata Do Eau;5.625;;2026-02-10 13:47
20604;Rune Rata Do Eau;5.625;;2026-02-10 13:47
20605;Rune Ta Do Air;5.625;;2026-02-10 13:47
20606;Rune Pata Do Air;5.625;;2026-02-10 13:47
20607;Rune Rata Do Air;5.625;;2026-02-10 13:47
20608;Rune Ta Do Neutre;5.625;;2026-02-10 13:47
20609;Rune Pata Do Neutre;5.625;;2026-02-10 13:47
20610;Rune Rata Do Neutre;5.625;;2026-02-10 13:47
20611;Rune Ta Ré Per Di;2.8125;;2025-01-01 00:00
20612;Rune Ta Ré Per Mé;2.8125;;2025-01-01 00:00
20613;Rune Ta Do Per So;2.8125;;2025-01-01 00:00
20614;Rune Ta Do Per Ar;2.8125;;2025-01-01 00:00
20615;Rune Ta Do Per Di;2.8125;;2025-01-01 00:00
20616;Rune Ta Do Per Mé;2.8125;;2025-01-01 00:00
20617;Rune Ta Fui;3.6;;2026-02-10 13:47
20618;Rune Pata Fui;3.6;;2026-02-10 13:47
20619;Rune Rata Fui;3.6;;2026-02-10 13:47
20620;Rune Ta Tac;3.6;;2026-02-10 13:47
20621;Rune Pata Tac;3.6;;2026-02-10 13:47
20622;Rune Rata Tac;3.6;;2026-02-10 13:47
20623;Rune Ta Ré Pa;11.025;;2026-02-10 13:47
20624;Rune Pata Ré Pa;11.025;;2026-02-10 13:47
20625;Rune Rata Ré Pa;11.025;;2026-02-10 13:47
20626;Rune Ta Ré Pme;11.025;;2026-02-10 13:47
20627;Rune Pata Ré Pme;11.025;;2026-02-10 13:47
20628;Rune Rata Ré Pme;11.025;;2026-02-10 13:47
20629;Rune Ta Ret Pa;11.025;;2026-02-10 13:47
20630;Rune Pata Ret Pa;11.025;;2026-02-10 13:47
20631;Rune Rata Ret Pa;11.025;;2026-02-10 13:47
20632;Rune Ta Ret Pme;11.025;;2026-02-10 13:47
20633;Rune Pata Ret Pme;11.025;;2026-02-10 13:47
20634;Rune Rata Ret Pme;11.025;;2026-02-10 13:47
20635;Rune Ta Ré Per Terre;2.7;;2026-02-10 13:47
20636;Rune Ta Ré Per Feu;2.7;;2026-02-10 13:47
20637;Rune Ta Ré Per Eau;2.7;;2026-02-10 13:47
20638;Rune Ta Ré Per Air;2.7;;2026-02-10 13:47
20639;Rune Ta Ré Per Neutre;2.7;;2026-02-10 13:47
20640;Rune Ta Cri;7.5;;2026-02-10 13:47
20641;Rune Pata Cri;7.5;;2026-02-10 13:47
20642;Rune Ta So;22.5;;2026-02-10 13:47
20643;Rune Pata So;22.5;;2026-02-10 13:47
20644;Rune Rata So;22.5;;2026-02-10 13:47
20648;Légende de Brumaire;900.0;;2026-02-10 13:47
20649;Légende de Brâm Barbe-Monde;1065.0;;2025-01-01 00:00
20650;Légende de Crocobur;1462.5;;2025-01-01 00:00
20651;Légende du Trompe-la-Mort;1860.0;;2025-01-01 00:00
20652;Légende de Dame Jhessica;2250.0;;2025-01-01 00:00
20653;Légende de Mille Lieues;2647.5;;2025-01-01 00:00
20654;Légende de Dodge;3045.0;;2025-01-01 00:00
20655;Légende de Fallanster;3435.0;;2025-01-01 00:00
20656;Légende du Cul Botté;3832.5;;2025-01-01 00:00
20657;Légende du Destin;4230.0;;2025-01-01 00:00
20658;Légende de Rykke Errel;4620.0;;2025-01-01 00:00
20659;Légende de Buhorado;5017.5;;2025-01-01 00:00
20660;Légende de Jahash Jurgen;5415.0;;2025-01-01 00:00
20661;Légende de Ganymède;5812.5;;2025-01-01 00:00
20680;Cire de Gligli Améliorée;1.05;;2026-02-10 13:47
20814;Patte de Twakeuf;0.326;;2026-02-10 13:47
20815;Éclat du Mawabouaino;2.228;;2026-02-10 13:47
20817;Tendon de Waccro;0.383;;2026-02-10 13:47
20818;Emballage Suspect;0.348;;2026-02-10 13:47
20819;Dent de Waddict;0.36;;2026-02-10 13:47
20820;Pompon Brunâtre;2.236;;2026-02-10 13:47
20908;Mèche de Pralicienne;16.875;;2026-02-10 13:47
20909;Peau de Torréfactueur;16.875;;2026-02-10 13:47
20910;Chaudron de Températurge;16.875;;2026-02-10 13:47
20911;Toque de Cabosseur;16.875;;2026-02-10 13:47
20912;Diadème de Chocoligarque;16.875;;2026-02-10 13:47
20913;Broderie de la Prêtresse de Kao;84.375;;2026-02-10 13:47
20914;Éclat Kao brisé;101.25;;2026-02-10 13:47
20918;Clef de la Fonderie des Waddicts;6.522;;2026-02-10 13:47
20919;Clef de la Croquanterie;47.114;;2026-02-10 13:47
20920;Clef du Temple du dieu Kao;298.509;;2026-02-10 13:47
20940;Oreille de Kakoalak;3.0;;2026-02-10 13:47
20941;Pépite croquée;17.975;;2026-02-10 13:47
20942;Estomac de Mansocolat;3.0;;2026-02-10 13:47
20943;Pelage chocolaté;3.0;;2026-02-10 13:47
20944;Enrobage de Chocoskargo;3.0;;2026-02-10 13:47
20945;Bec de Kwakao;3.0;;2026-02-10 13:47
20961;Relique de Bébémoth;2761.363725;;2025-01-01 00:00
20968;Reflet de Bébémoth;5431.5768;;2025-01-01 00:00
20969;Cristal temporel;5550.468975;;2025-01-01 00:00
20970;Cristal intemporel;5550.468825;;2025-01-01 00:00
20972;Nanogrine;1575.70305;;2025-01-01 00:00
21012;Boucle temporelle;337.5;;2026-02-10 13:47
21013;Boucle intemporelle;337.5;;2026-02-10 13:47
21205;Binocles du Grand Chronomaître;12862.17315;;2025-01-01 00:00
21207;Écaille de Torkélonia;84.375;;2026-02-10 13:47
21208;Langue de Kashkaille;16.875;;2026-02-10 13:47
21209;Bandeau de Voapah;16.875;;2026-02-10 13:47
21210;Poupée de Caïguille;16.875;;2026-02-10 13:47
21211;Pagne d'Alashasss;16.875;;2026-02-10 13:47
21212;Canine de Cronnibal;16.875;;2026-02-10 13:47
21216;Clef du Sanctuaire de Torkélonia;298.509;;2026-02-10 13:47
21217;Essence de Torkélonia;506.25;;2026-02-10 13:47
21249;Clef du Repaire du Kharnozor;21.816;;2026-02-10 13:47
21256;Griffe de Dragoeuf Albâtre;3.729;;2026-02-10 13:47
21263;Peau de Dragoeuf Albâtre;0.628;;2026-02-10 13:47
21264;Étoffe de Draegnerys;3.14;;2026-02-10 13:47
21268;Dent du Kharnozor;7.292;;2026-02-10 13:47
21271;Cheveux de Draegnerys;18.646;;2026-02-10 13:47
21513;Essence de Draegnerys;46.807;;2026-02-10 13:47
21514;Essence du Kharnozor;108.94;;2026-02-10 13:47
21515;Essence de Corruption;491.36;;2026-02-10 13:47
21682;Peinture Jaune;5.709;;2026-02-10 13:47
21683;Peinture Rouge;5.709;;2026-02-10 13:47
21684;Peinture Bleue;5.709;;2026-02-10 13:47
21685;Peinture Orange;5.709;;2026-02-10 13:47
21686;Peinture Verte;5.709;;2026-02-10 13:47
21687;Peinture Violette;5.709;;2026-02-10 13:47
21689;Peinture Noire;5.709;;2026-02-10 13:47
22028;Clef des Fers de la Tyrannie;254.724;;2026-02-10 13:47
22046;Plume de Misère;75.0;;2026-02-10 13:47
22047;Épaulière de Ferrailleur;16.875;;2026-02-10 13:47
22048;Langue de Krèvladal;16.875;;2026-02-10 13:47
22049;Côtes de Désosseur;16.875;;2026-02-10 13:47
22050;Capuche de Skentu;16.875;;2026-02-10 13:47
22052;Terre Stérile;103.404;;2026-02-10 13:47
22128;Essence de Guerre;450.0;;2026-02-10 13:47
22129;Essence de Misère;450.0;;2026-02-10 13:47
22130;Essence de Servitude;450.0;;2026-02-10 13:47
22147;Clef du Trône de Sang;254.724;;2026-02-10 13:47
22148;Clef de l'Arbre de Mort;255.129;;2026-02-10 13:47
22149;Clef de la Sentence de la Balance;254.724;;2026-02-10 13:47
22203;Germes corrompus;104.008;;2026-02-10 13:47
22204;Corne de Corruption;81.893;;2026-02-10 13:47
22207;Langue de Pistilangue;16.875;;2026-02-10 13:47
22208;Peau pourrie de Dolid;16.875;;2026-02-10 13:47
22210;Patte de Nheur'Gueule;16.875;;2026-02-10 13:47
22211;Tentacule de Tentaclaque;16.875;;2026-02-10 13:47
22212;Pétale de Gangredogue;16.875;;2026-02-10 13:47
22216;Bois de pagaie usée;16.875;;2026-02-10 13:47
22217;Capuche d'Armécréante;16.875;;2026-02-10 13:47
22218;Baguette Rythmique;16.875;;2026-02-10 13:47
22219;Verrou de Servitude;75.0;;2026-02-10 13:47
22222;Collier d'esclave;103.404;;2026-02-10 13:47
22223;Boulet lesté;16.875;;2026-02-10 13:47
22224;Manche de Fouet;16.875;;2026-02-10 13:47
22246;Bonnet de Guerre;75.0;;2026-02-10 13:47
22247;Étoffe sanglante;16.875;;2026-02-10 13:47
22248;Sang coagulé;16.875;;2026-02-10 13:47
22249;Canine tranchante;16.875;;2026-02-10 13:47
22250;Fragment d'armure;16.875;;2026-02-10 13:47
22251;Linothorax;16.875;;2026-02-10 13:47
22253;Lame tranchante;103.404;;2026-02-10 13:47
22401;Clef de la Tempête de l'Eliocalypse;254.724;;2026-02-10 13:47
22415;Légende de Misère;5017.5;;2025-01-01 00:00
22416;Légende de Guerre;5017.5;;2025-01-01 00:00
22417;Légende de Servitude;5017.5;;2025-01-01 00:00
22418;Légende de Corruption;5017.5;;2025-01-01 00:00
23311;Artefact Pandawushu Bois;10.059;;2026-02-10 13:47
23480;Huile de Riz;2.25;;2026-02-10 13:47
23591;Clef de la Demeure des Esprits;120.659;;2026-02-10 13:47
23592;Pierre de Sélénite;4.6;;2026-02-10 13:47
23630;Clef de la Tombe du Shogun Tofugawa;91.416;;2026-02-10 13:47
23693;Huile de Pichon;2.475;;2026-02-10 13:47
23694;Concassé de brume;35.591;;2026-02-10 13:47
23824;Tulipe en papier;10.0;;2026-02-10 13:47
23825;Pichon d'encre;10.0;;2026-02-10 13:47
23950;Clef de la Mémoire d'Orukam;416.451;;2026-02-10 13:47
23951;Clef du Souvenir d'Imagiro;405.801;;2026-02-10 13:47
23957;Pétale de Papier;205.741;;2026-02-10 13:47
23958;Poing-virgule d'Imushin;33.817;;2026-02-10 13:47
23959;Carapace circonflexe d'Imorok;30.0;;2026-02-10 13:47
23960;Guillemets d'Imiyama;30.0;;2026-02-10 13:47
23961;Cédille d'Imetsu;30.0;;2026-02-10 13:47
23962;Apostrophe d'Imafugo;30.0;;2026-02-10 13:47
23963;Diacritique du Roi Imagami;144.643;;2026-02-10 13:47
23965;Pétale d'encre;205.006;;2026-02-10 13:47
23966;Poing-virgule de Shinlam;30.267;;2026-02-10 13:47
23967;Carapace circonflexe de Rokoram;30.0;;2026-02-10 13:47
23968;Guillemets de Mabram;30.0;;2026-02-10 13:47
23969;Cédille de Tsunam;30.0;;2026-02-10 13:47
23970;Apostrophe de Fugokam;30.0;;2026-02-10 13:47
23971;Diacritique de la Reine Amirukam;144.643;;2026-02-10 13:47
24133;Essence du Shogun Tofugawa;177.955;;2026-02-10 13:47
24134;Essence de Koumiho;232.105;;2026-02-10 13:47
24135;Essence du Roi Imagami;867.857;;2026-02-10 13:47
24136;Essence de la Reine Amirukam;867.857;;2026-02-10 13:47
24144;Substrat Astral;300.0;;2026-02-10 13:47
25176;Spalière de Krâradia;20.25;;2026-02-10 13:47
25177;Diadème de Belilith;20.25;;2026-02-10 13:47
25178;Scalp de Bwariok;20.25;;2026-02-10 13:47
25179;Groin de Porkzebuth;20.25;;2026-02-10 13:47
25180;Aile d'Eninferno;20.25;;2026-02-10 13:47
25181;Sceptre brisé de Kabahal;84.375;;2026-02-10 13:47
25182;Appendice Démoniaque;119.118;;2026-02-10 13:47
25252;Clef du Rituel de Kabahal;339.009;;2026-02-10 13:47
25318;Essence de Kabahal;506.25;;2026-02-10 13:47
25756;Crâne magique de Rate Atinée;1.919;;2026-02-10 13:47
25757;Tuyau Rouillé de Rate Iboisée;1.919;;2026-02-10 13:47
25758;Lance-Pierre de Scélée Rate;1.477;;2026-02-10 13:47
25759;Lance de Chika Rat;1.477;;2026-02-10 13:47
25760;Vieux Bouquin de Rat Li;1.919;;2026-02-10 13:47
25761;Ouvrage magique d'Aloevée Rate;1.477;;2026-02-10 13:47
25762;Oreille de Rat Plapla;1.919;;2026-02-10 13:47
25767;Collier de Chak Rat;1.477;;2026-02-10 13:47
26031;Mâchoire de Brutasmodan;16.875;;2026-02-10 13:47
26032;Langue de Diabélial;16.875;;2026-02-10 13:47
26033;Corne de Typhomet;16.875;;2026-02-10 13:47
26034;Tentacule de Démoloch;16.875;;2026-02-10 13:47
26035;Épaule de Maléphisto;16.875;;2026-02-10 13:47
26036;Pic de Ravageur;101.25;;2026-02-10 13:47
26037;Masque cauchemardesque de l'Éternel Conflit;84.375;;2026-02-10 13:47
26039;Clef de la Bataille de l'Aurore Pourpre;298.509;;2026-02-10 13:47
26041;Essence de l'Éternel Conflit;506.25;;2026-02-10 13:47
26316;Pétale de Malter;28.465;;2026-02-10 13:47
26317;Pousse de Malzerb;4.792;;2026-02-10 13:47
26318;Bolas de Maltrio;4.792;;2026-02-10 13:47
26319;Pic de Malépik;4.792;;2026-02-10 13:47
26320;Porte-bonheur de Malalfa;4.792;;2026-02-10 13:47
26321;Corne de Malbois;4.792;;2026-02-10 13:47
26333;Clef du Tertre du long sommeil;74.716;;2026-02-10 13:47
26345;Gravure de Tsunami;505.79;;2026-02-10 13:47
26347;Gravure de Séisme;511.455;;2026-02-10 13:47
26348;Gravure d'Incendie;505.79;;2026-02-10 13:47
26349;Gravure d'Ouragan;505.79;;2026-02-10 13:47
26351;Gravure d'Averse;7.695675;;2025-01-01 00:00
26352;Gravure d'Éboulement;7.695675;;2025-01-01 00:00
26353;Gravure d'Étincelle;160.716;;2026-02-10 13:47
26354;Gravure de Courant d'Air;160.716;;2026-02-10 13:47
26355;Gravure de Crachin;160.716;;2026-02-10 13:47
26356;Gravure de Flambée;7.695675;;2025-01-01 00:00
26357;Gravure de Rafale;7.695675;;2025-01-01 00:00
26358;Gravure de Secousse;160.716;;2026-02-10 13:47
26680;Clef de l'Akadémie des Gobs;3.724;;2026-02-10 13:47
26803;Essence d'Hell Mina;143.75;;2026-02-10 13:47
26804;Essence du Directeur Grunob;6.562;;2026-02-10 13:47
26870;Fragment d'anomalie;5.063;;2026-02-10 13:47
27362;Pom de Pin;1.922;;2026-02-10 13:47
27363;Fourrure de Timongouste;0.373;;2026-02-10 13:47
27364;Plume de Thomondor;0.313;;2026-02-10 13:47
27365;Corne de Buffalourd;0.313;;2026-02-10 13:47
27366;Griffe de Grolours;0.313;;2026-02-10 13:47
27367;Croc de Trankilou;0.313;;2026-02-10 13:47
27368;La cambriole pour les Nuls;1.563;;2026-02-10 13:47
27372;Essence de Rakoopeur;9.375;;2026-02-10 13:47
27374;Clef du Refuge sylvestre;5.763;;2026-02-10 13:47
27375;Bois de Pin;0.07;;2026-02-10 13:47
27397;Liane de Soldalia;16.875;;2026-02-10 13:47
27398;Mousse de Caméliache;16.875;;2026-02-10 13:47
27399;Épine d'Armuguet;16.875;;2026-02-10 13:47
27400;Poing de Coquelicogne;16.875;;2026-02-10 13:47
27401;Casque de Statulipe;16.875;;2026-02-10 13:47
27402;Rouge à lèvres de Belladone;84.375;;2026-02-10 13:47
27403;Fleur des protecteurs;101.25;;2026-02-10 13:47
27404;Clef de la Chambre des maléfices;298.509;;2026-02-10 13:47
27405;Essence de Belladone;506.25;;2026-02-10 13:47
27413;Eau Ferrugineuse;1.151;;2026-02-10 13:47
27433;Poils de barbe de Marteau-Aigri;75.0;;2026-02-10 13:47
27434;Armure de Blindur;12.2;;2026-02-10 13:47
27435;Bave de Marthos;12.2;;2026-02-10 13:47
27436;Mèche de Serpyn;12.2;;2026-02-10 13:47
27437;Fronde de Boufronde;12.2;;2026-02-10 13:47
27438;Élastique de barbe de Sanglirok;12.2;;2026-02-10 13:47
27439;Cloche de Barbéryl Clochecuivre;61.0;;2026-02-10 13:47
27440;Clef du Bastion des Marteaux-Aigris;187.753;;2026-02-10 13:47
27451;Essence de Barbéryl Clochecuivre;366.0;;2026-02-10 13:47
27517;Cire de Cire Momore;101.25;;2026-02-10 13:47
27714;Fleur de Cendrepierre;280.748;;2026-02-10 13:47
27748;Ronce ephedryenne;0.25;;2026-02-10 13:47
28268;Farine de contrebande;36.75;;2026-02-10 13:47
28269;Coffre-forge;25.5;;2026-02-10 13:47
28270;Brochette de Laikteur;17.201;;2026-02-10 13:47
28277;Grizite;42.964;;2026-02-10 13:47
28432;Nékinéko;;393.0;2025-01-01 00:00
29444;Galet rayonnant;937.5;;2025-01-01 00:00
29683;Rune Ra Ré Pou;2.7;;2026-02-10 13:47
29684;Rune Ra Do Pou;16.875;;2026-02-10 13:47
11121;Œil de Boufmouth de guerre;12.64;;2026-02-10 13:47
11246;Œil torve de Fricochère;19.079;;2026-02-10 13:47
11320;Œil de Vigie Pirate;28.879;;2026-02-10 13:47
11328;Œuf de Crapeur;36.392;;2026-02-10 13:47
11886;Œil de Dramanite;51.761;;2026-02-10 13:47
11919;Œil de Fleuro;69.703;;2026-02-10 13:47
13920;Cœur d'Empaillé;101.25;;2026-02-10 13:47
13913;Œil de Harrogant;16.875;;2026-02-10 13:47
14853;Œil de Harpo;101.25;;2026-02-10 13:47
31517;Artefact Pandawushu;135.856;;2026-02-10 13:47
20142;Badge de Malicien;0.025;;2026-02-10 13:47
6649;Ballon bleu;0.025;;2026-02-10 13:47
3000;Casque cassé de Bwork;2.344;;2026-02-10 13:47
2585;Cœur de Boue du Boo;0.692;;2026-02-10 13:47
2058;Cœur de Brandon;9.674;;2026-02-10 13:47
2493;Cœur de Buveur;9.011;;2026-02-10 13:47
8516;Cœur de Bworkcelhaine;0.079;;2026-02-10 13:47
27518;Cœur de Cire Momore;337.5;;2026-02-10 13:47
11327;Cœur de Crapeur;7.188;;2026-02-10 13:47
2306;Cœur de Craqueleur;2.896;;2026-02-10 13:47
14865;Cœur de Merkator;506.25;;2026-02-10 13:47
8736;Cœur de pierre poli;9.531;;2026-02-10 13:47
15457;Cœur du Capitaine Ekarlatte;15.0;;2026-02-10 13:47
20939;Cœur du Croqueleur;15.0;;2026-02-10 13:47
18385;Cœur du Mantiscore;25.219;;2026-02-10 13:47
13979;Cœur Gelé;750.0;;2026-02-10 13:47
8759;Coffret maudit du Flib;0.054;;2026-02-10 13:47
19643;Corps de Quintaine;1.2;;2026-02-10 13:47
20125;Croquette enrichie;500.0;;2026-02-10 13:47
2581;Dents de Mulou;7.867;;2026-02-10 13:47
14954;Éclat Obscur;30.5;;2026-02-10 13:47
14651;Essence du Chafer Rōnin;9.199;;2026-02-10 13:47
8520;Gratrooll Industriel;0.384;;2026-02-10 13:47
2553;Gros Boulet;0.301;;2026-02-10 13:47
23858;Haïku du dragon : Création;1.392;;2026-02-10 13:47
23856;Haïku du dragon : Destruction;1.392;;2026-02-10 13:47
23857;Haïku du dragon : Passion;0.626;;2026-02-10 13:47
23855;Haïku du dragon : Résolution;0.626;;2026-02-10 13:47
6885;Jeton du Bworker;2.625;;2026-02-10 13:47
17715;Jeton du Chazino des Ecaflipuces;0.63;;2026-02-10 13:47
17714;Jeton du Chazino des Matougarous;1.305;;2026-02-10 13:47
17713;Jeton du Chazino du Grand Jeu;2.025;;2026-02-10 13:47
31620;Jus de poisson;2.775;;2026-02-10 13:47
16000;Kamiam;1.75;;2026-02-10 13:47
23105;Lame de Katana;335.437;;2026-02-10 13:47
14461;Langue de Tiwabbit Kiafin;1.5;;2026-02-10 13:47
8517;Moumoule;0.07;;2026-02-10 13:47
8796;Nœud de l'Abrakleur clair;34.882;;2026-02-10 13:47
13343;Nœud de Marin;6.677;;2026-02-10 13:47
20816;Œil Bionique;0.337;;2026-02-10 13:47
16149;Œil d'Abrakne;1.627;;2026-02-10 13:47
2491;Œil d'Arakmuté;0.059;;2026-02-10 13:47
16162;Œil de Branche Invocatrice;13.535;;2026-02-10 13:47
16163;Œil de Branche Soignante;13.535;;2026-02-10 13:47
9277;Œil de Champmane;9.258;;2026-02-10 13:47
2578;Œil de Cocholou;1.349;;2026-02-10 13:47
11255;Œil de Crabe Hijacob;5.54;;2026-02-10 13:47
2495;Œil de Craquelope;0.471;;2026-02-10 13:47
21206;Œil de Crocodaille albinos;101.25;;2026-02-10 13:47
2056;Œil de Crowneille;3.354;;2026-02-10 13:47
13988;Œil de Cycloïde;16.875;;2026-02-10 13:47
22051;Œil de Dawaj;16.875;;2026-02-10 13:47
19231;Œil de Feutôme;16.875;;2026-02-10 13:47
19071;Œil de Gouligane;16.875;;2026-02-10 13:47
19403;Œil de Halbardent;16.875;;2026-02-10 13:47
15718;Œil de Harpille;20.25;;2026-02-10 13:47
2552;Œil de Kanigrou;3.74;;2026-02-10 13:47
11896;Œil de Korriandre;289.613;;2026-02-10 13:47
12449;Œil de Krokille;9.57;;2026-02-10 13:47
2283;Œil de Kwoan;0.155;;2026-02-10 13:47
18411;Œil de Léolhyène;0.841;;2026-02-10 13:47
7403;Œil de Madura;7.737;;2026-02-10 13:47
17610;Œil de Morcac;1.853;;2026-02-10 13:47
15174;Œil de Phozami;4.792;;2026-02-10 13:47
6841;Œil de Pikdoa;0.111;;2026-02-10 13:47
2453;Œil de Ramane Strubien;0.665;;2026-02-10 13:47
16213;Œil de Rat du Gang;3.655;;2026-02-10 13:47
2583;Œil de Raul Mops;0.272;;2026-02-10 13:47
16220;Œil de Saltik;1.039;;2026-02-10 13:47
11521;Œil de Sapeur;11.879;;2026-02-10 13:47
17986;Œil de Shokkoth;16.875;;2026-02-10 13:47
2579;Œil de Tofu Noir;0.176;;2026-02-10 13:47
15073;Œil de Truchtine;2.444;;2026-02-10 13:47
15684;Œil de Verminocule;16.875;;2026-02-10 13:47
14145;Œil de verre;400.0;;2026-02-10 13:47
14478;Œil de Wabbit Céphale;2.403;;2026-02-10 13:47
21265;Œil du Kharnozor;43.46;;2026-02-10 13:47
18568;Œil du Père Ver;38.684;;2026-02-10 13:47
28256;Œuf Chimérique;0.042;;2026-02-10 13:47
15541;Œuf d'Ali Grothor;500.0;;2026-02-10 13:47
844;Œuf de Dragoeuf Ardoise;4.127;;2026-02-10 13:47
845;Œuf de Dragoeuf Argile;4.127;;2026-02-10 13:47
847;Œuf de Dragoeuf Calcaire;4.68;;2026-02-10 13:47
846;Œuf de Dragoeuf Charbon;4.127;;2026-02-10 13:47
11533;Œuf de Gobus;13.931;;2026-02-10 13:47
15066;Œuf de Haute Truche;89.876;;2026-02-10 13:47
367;Œuf de Tofu;0.176;;2026-02-10 13:47
13723;Œuf de Tofubine;9.03;;2026-02-10 13:47
11233;Œuf du Mansot Royal;113.176;;2026-02-10 13:47
2673;Œuf Pourri;1.064;;2026-02-10 13:47
8515;Os de Trooll;0.915;;2026-02-10 13:47
2999;Peau de Minos;9.392;;2026-02-10 13:47
13708;Pense-bête de Rubise;14.85;;2026-02-10 13:47
10909;Phéromone de Tofu;0.025;;2026-02-10 13:47
16214;Pilule du Gang;23.811;;2026-02-10 13:47
22105;Planche hatoufer;219.0;;2026-02-10 13:47
1670;Plume Pointue de Renarbo;9.011;;2026-02-10 13:47
23106;Poignée de Katana;142.936;;2026-02-10 13:47
761;Poils de souris;0.25;;2026-02-10 13:47
8761;Poudre explosive;3.732;;2026-02-10 13:47
2598;Queue de dragodinde sauvage;0.565;;2026-02-10 13:47
13493;Queue de Rat du Gang;4.045;;2026-02-10 13:47
8672;Relique de Gourlo le Terrible;3.0;;2026-02-10 13:47
8671;Relique du Corailleur Magistral;2.0;;2026-02-10 13:47
8675;Relique du Kimbo;13.0;;2026-02-10 13:47
8673;Relique du Rasboul Majeur;6.0;;2026-02-10 13:47
8674;Relique du Tynril;10.0;;2026-02-10 13:47
10057;Rune de chasse;1.25;;2026-02-10 13:47
7435;Rune Do;20.0;;2026-02-10 13:47
30942;Rune Pa Do Ren;5.625;;2026-02-10 13:47
30700;Rune Ra Ré Air;2.7;;2026-02-10 13:47
30699;Rune Ra Ré Cri;2.7;;2026-02-10 13:47
30698;Rune Ra Ré Eau;2.7;;2026-02-10 13:47
30697;Rune Ra Ré Feu;2.7;;2026-02-10 13:47
30696;Rune Ra Ré Neutre;2.7;;2026-02-10 13:47
30695;Rune Ra Ré Terre;2.7;;2026-02-10 13:47
16523;Volve d'Aminite;0.045;;2026-02-10 13:47
